element,name,total_points_pred,total_points_actual,round
2,Gabriel Fernando de Jesus,2.51,1.0,6
4,Kai Havertz,6.83,6.0,6
11,Eddie Nketiah,2.445,2.0,6
27,Cameron Archer,0.5800000000000001,1.0,6
38,Jhon Durán,2.81,1.0,6
58,Ollie Watkins,4.5,11.0,6
65,Enes Ünal,0.020000000000000018,1.0,6
69,Daniel Jebbison,0.020000000000000018,0.0,6
82,Dominic Solanke-Mitchell,1.25,6.0,6
107,Igor Thiago Nascimento Rodrigues,0.010000000000000009,0.0,6
108,Ivan Toney,0.33000000000000007,0.0,6
110,Yoane Wissa,2.04,0.0,6
123,Evan Ferguson,0.020000000000000018,1.0,6
129,João Pedro Junqueira de Jesus,2.87,0.0,6
138,Mark O’Mahony,0.010000000000000009,0.0,6
143,Deniz Undav,0.0,0.0,6
148,Danny Welbeck,4.67,2.0,6
156,Armando Broja,0.010000000000000009,0.0,6
164,David Datro Fofana,0.0,0.0,6
165,Deivid Washington de Souza Eugênio,0.0,0.0,6
175,Romelu Lukaku Bolingoli,0.0,0.0,6
178,Marc Guiu Paz,0.08000000000000007,0.0,6
180,Nicolas Jackson,5.8,5.0,6
198,Odsonne Edouard,0.36445238095238097,1.0,6
207,Jean-Philippe Mateta,3.96,2.0,6
218,Norberto Bercique Gomes Betuncal,0.20999999999999996,0.0,6
220,Dominic Calvert-Lewin,2.81,1.0,6
229,Neal Maupay,0.010000000000000009,0.0,6
232,Iliman Ndiaye,6.58,3.0,6
237,Youssef Ramalho Chermiti,0.010000000000000009,0.0,6
251,Rodrigo Muniz Carvalho,2.91,1.0,6
252,Raúl Jiménez,3.8899999999999997,9.0,6
256,Jay Stansfield,0.8,0.0,6
258,Carlos Vinícius Alves Morais,0.8,0.0,6
260,Ali Al-Hamadi,0.6100000000000001,0.0,6
268,Liam Delap,3.4400000000000004,12.0,6
272,George Hirst,2.68,1.0,6
276,Freddie Ladapo,0.55,0.0,6
286,Tom Cannon,0.050000000000000044,0.0,6
289,Patson Daka,0.050000000000000044,0.0,6
306,Jamie Vardy,2.9,1.0,6
316,Darwin Núñez Ribeiro,3.62,0.0,6
321,Cody Gakpo,2.34,1.0,6
351,Erling Haaland,8.64,2.0,6
352,Julián Álvarez,0.0,0.0,6
375,Rasmus Højlund,0.06000000000000005,1.0,6
389,Joshua Zirkzee,1.9900000000000002,1.0,6
401,Alexander Isak,4.34,0.0,6
421,Callum Wilson,0.0,0.0,6
424,Taiwo Awoniyi,0.32000000000000006,1.0,6
430,Emmanuel Dennis,0.030000000000000027,0.0,6
446,Hwang Ui-jo,0.030000000000000027,0.0,6
447,Chris Wood,5.27,2.0,6
453,Adam Armstrong,0.3566666666666669,0.0,6
468,Sékou Mara,0.0,0.0,6
470,Paul Onuachu,0.1299999999999999,0.0,6
473,Ross Stewart,0.09000000000000008,1.0,6
497,Richarlison de Andrade,1.8308333333333335,0.0,6
500,Dane Scarlett,0.1359999999999999,0.0,6
507,Alejo Véliz,0.1359999999999999,0.0,6
512,Michail Antonio,0.21999999999999997,5.0,6
523,Danny Ings,0.6399999999999999,1.0,6
539,Leon Chiwome,0.31000000000000005,0.0,6
541,Matheus Santos Carneiro Da Cunha,4.13,2.0,6
545,Fábio Silva,0.1399999999999999,0.0,6
546,Nathan Fraser,0.1399999999999999,0.0,6
555,Saša Kalajdžić,0.1399999999999999,0.0,6
566,Jørgen Strand Larsen,3.1900000000000004,2.0,6
589,Niclas Füllkrug,0.2557857142857143,0.0,6
590,William Osula,0.040000000000000036,0.0,6
609,Will Lankshear,0.1359999999999999,0.0,6
617,Francisco Evanilson de Lima Barbosa,4.07,9.0,6
648,Ethan Wheatley,0.10000000000000009,0.0,6
2,Gabriel Fernando de Jesus,0.8200000000000001,1.0,7
4,Kai Havertz,6.5,8.0,7
11,Eddie Nketiah,2.25,1.0,7
27,Cameron Archer,0.51,7.0,7
38,Jhon Durán,1.77,1.0,7
58,Ollie Watkins,4.06,2.0,7
65,Enes Ünal,0.6599999999999999,1.0,7
69,Daniel Jebbison,0.0,0.0,7
82,Dominic Solanke-Mitchell,2.57,5.0,7
107,Igor Thiago Nascimento Rodrigues,0.0,0.0,7
108,Ivan Toney,0.0,0.0,7
110,Yoane Wissa,0.8200000000000001,0.0,7
123,Evan Ferguson,0.3500000000000001,0.0,7
129,João Pedro Junqueira de Jesus,0.09000000000000008,0.0,7
138,Mark O’Mahony,0.020000000000000018,0.0,7
143,Deniz Undav,0.020000000000000018,0.0,7
148,Danny Welbeck,3.8600000000000003,8.0,7
156,Armando Broja,0.0,0.0,7
164,David Datro Fofana,0.0,0.0,7
165,Deivid Washington de Souza Eugênio,0.0,0.0,7
175,Romelu Lukaku Bolingoli,0.0,0.0,7
178,Marc Guiu Paz,0.0,0.0,7
180,Nicolas Jackson,7.33,2.0,7
198,Odsonne Edouard,0.81,1.0,7
207,Jean-Philippe Mateta,2.1,1.0,7
218,Norberto Bercique Gomes Betuncal,0.6100000000000001,0.0,7
220,Dominic Calvert-Lewin,3.1100000000000003,2.0,7
229,Neal Maupay,0.0,0.0,7
232,Iliman Ndiaye,3.5999999999999996,2.0,7
237,Youssef Ramalho Chermiti,0.0,0.0,7
251,Rodrigo Muniz Carvalho,0.53,6.0,7
252,Raúl Jiménez,2.42,5.0,7
256,Jay Stansfield,0.0,0.0,7
258,Carlos Vinícius Alves Morais,0.0,0.0,7
260,Ali Al-Hamadi,0.26750000000000007,0.0,7
268,Liam Delap,3.45,6.0,7
272,George Hirst,0.71,1.0,7
276,Freddie Ladapo,0.03083333333333349,0.0,7
286,Tom Cannon,0.0,0.0,7
289,Patson Daka,0.0,0.0,7
306,Jamie Vardy,4.12,2.0,7
316,Darwin Núñez Ribeiro,5.03,0.0,7
321,Cody Gakpo,2.74,4.0,7
351,Erling Haaland,9.07,2.0,7
352,Julián Álvarez,0.1200000000000001,0.0,7
375,Rasmus Højlund,0.73,2.0,7
389,Joshua Zirkzee,4.59,1.0,7
401,Alexander Isak,1.29,0.0,7
421,Callum Wilson,0.0,0.0,7
424,Taiwo Awoniyi,0.74,0.0,7
430,Emmanuel Dennis,0.0,0.0,7
446,Hwang Ui-jo,0.0,0.0,7
447,Chris Wood,4.35,8.0,7
453,Adam Armstrong,0.7,1.0,7
468,Sékou Mara,0.0,0.0,7
470,Paul Onuachu,0.0,1.0,7
473,Ross Stewart,1.31,1.0,7
497,Richarlison de Andrade,0.04811904761904762,0.0,7
500,Dane Scarlett,0.04811904761904762,0.0,7
507,Alejo Véliz,0.04811904761904762,0.0,7
512,Michail Antonio,3.91,18.0,7
523,Danny Ings,0.28,0.0,7
539,Leon Chiwome,0.6799999999999999,0.0,7
541,Matheus Santos Carneiro Da Cunha,3.6399999999999997,9.0,7
545,Fábio Silva,0.6799999999999999,0.0,7
546,Nathan Fraser,0.6799999999999999,0.0,7
555,Saša Kalajdžić,0.6799999999999999,0.0,7
566,Jørgen Strand Larsen,2.09,6.0,7
589,Niclas Füllkrug,0.595,0.0,7
590,William Osula,0.6499999999999999,0.0,7
609,Will Lankshear,0.04811904761904762,0.0,7
617,Francisco Evanilson de Lima Barbosa,3.5599999999999996,2.0,7
648,Ethan Wheatley,0.0,0.0,7
665,Nathan Butler-Oyedeji,0.6000000000000001,0.0,7
2,Gabriel Fernando de Jesus,2.07,1.0,8
4,Kai Havertz,5.0,2.0,8
11,Eddie Nketiah,4.68,2.0,8
27,Cameron Archer,1.5299999999999998,9.0,8
38,Jhon Durán,3.24,1.0,8
58,Ollie Watkins,2.33,8.0,8
65,Enes Ünal,0.3600000000000001,1.0,8
69,Daniel Jebbison,0.0,0.0,8
82,Dominic Solanke-Mitchell,3.4699999999999998,2.0,8
107,Igor Thiago Nascimento Rodrigues,0.07388588668813156,0.0,8
108,Ivan Toney,0.07388588668813156,0.0,8
110,Yoane Wissa,0.07388588668813156,1.0,8
123,Evan Ferguson,0.18999999999999995,1.0,8
129,João Pedro Junqueira de Jesus,0.1399999999999999,0.0,8
138,Mark O’Mahony,0.0,0.0,8
143,Deniz Undav,0.0,0.0,8
148,Danny Welbeck,3.26,9.0,8
156,Armando Broja,0.0,0.0,8
164,David Datro Fofana,0.04499999999999993,0.0,8
165,Deivid Washington de Souza Eugênio,0.04499999999999993,0.0,8
175,Romelu Lukaku Bolingoli,0.04499999999999993,0.0,8
178,Marc Guiu Paz,0.04499999999999993,0.0,8
180,Nicolas Jackson,4.18,6.0,8
198,Odsonne Edouard,0.020000000000000018,0.0,8
207,Jean-Philippe Mateta,4.16,1.0,8
218,Norberto Bercique Gomes Betuncal,0.0,0.0,8
220,Dominic Calvert-Lewin,4.31,2.0,8
229,Neal Maupay,0.0,0.0,8
232,Iliman Ndiaye,3.79,9.0,8
237,Youssef Ramalho Chermiti,0.0,0.0,8
251,Rodrigo Muniz Carvalho,0.3999999999999999,0.0,8
252,Raúl Jiménez,4.85,7.0,8
256,Jay Stansfield,0.0,0.0,8
258,Carlos Vinícius Alves Morais,0.0,0.0,8
260,Ali Al-Hamadi,0.010000000000000009,0.0,8
268,Liam Delap,5.02,2.0,8
272,George Hirst,0.1100000000000001,1.0,8
276,Freddie Ladapo,0.0,0.0,8
286,Tom Cannon,0.0,0.0,8
289,Patson Daka,0.0,0.0,8
306,Jamie Vardy,3.7300000000000004,6.0,8
316,Darwin Núñez Ribeiro,2.59,1.0,8
321,Cody Gakpo,4.19,2.0,8
351,Erling Haaland,4.35,2.0,8
352,Julián Álvarez,0.0,0.0,8
375,Rasmus Højlund,1.98,8.0,8
389,Joshua Zirkzee,2.75,1.0,8
401,Alexander Isak,2.59,2.0,8
421,Callum Wilson,0.0,0.0,8
424,Taiwo Awoniyi,0.28,1.0,8
430,Emmanuel Dennis,0.0,0.0,8
446,Hwang Ui-jo,0.0,0.0,8
447,Chris Wood,3.3,7.0,8
453,Adam Armstrong,0.050000000000000044,0.0,8
468,Sékou Mara,0.0,0.0,8
470,Paul Onuachu,0.26,1.0,8
473,Ross Stewart,1.23,0.0,8
497,Richarlison de Andrade,0.026666666666666616,1.0,8
500,Dane Scarlett,0.026666666666666616,0.0,8
507,Alejo Véliz,0.026666666666666616,0.0,8
512,Michail Antonio,3.24,2.0,8
523,Danny Ings,0.21999999999999997,0.0,8
539,Leon Chiwome,0.0,0.0,8
541,Matheus Santos Carneiro Da Cunha,4.56,2.0,8
545,Fábio Silva,0.0,0.0,8
546,Nathan Fraser,0.0,0.0,8
555,Saša Kalajdžić,0.0,0.0,8
566,Jørgen Strand Larsen,1.4900000000000002,9.0,8
589,Niclas Füllkrug,0.0,0.0,8
590,William Osula,0.32000000000000006,1.0,8
609,Will Lankshear,0.026666666666666616,0.0,8
617,Francisco Evanilson de Lima Barbosa,2.88,5.0,8
648,Ethan Wheatley,0.0,0.0,8
665,Nathan Butler-Oyedeji,0.0,0.0,8
2,Gabriel Fernando de Jesus,1.3900000000000001,0.0,9
4,Kai Havertz,5.23,2.0,9
11,Eddie Nketiah,2.97,1.0,9
27,Cameron Archer,3.9699999999999998,2.0,9
38,Jhon Durán,2.26,1.0,9
58,Ollie Watkins,6.23,2.0,9
65,Enes Ünal,0.53,1.0,9
69,Daniel Jebbison,0.0,0.0,9
82,Dominic Solanke-Mitchell,4.37,2.0,9
107,Igor Thiago Nascimento Rodrigues,0.4658809523809524,0.0,9
108,Ivan Toney,0.4658809523809524,0.0,9
110,Yoane Wissa,0.18999999999999995,10.0,9
123,Evan Ferguson,1.77,7.0,9
129,João Pedro Junqueira de Jesus,1.2400000000000002,0.0,9
138,Mark O’Mahony,1.2400000000000002,0.0,9
143,Deniz Undav,1.2400000000000002,0.0,9
148,Danny Welbeck,6.55,7.0,9
156,Armando Broja,0.0,0.0,9
164,David Datro Fofana,0.0,0.0,9
165,Deivid Washington de Souza Eugênio,0.0,0.0,9
175,Romelu Lukaku Bolingoli,0.0,0.0,9
178,Marc Guiu Paz,0.0,0.0,9
180,Nicolas Jackson,4.31,9.0,9
198,Odsonne Edouard,0.3600000000000001,0.0,9
207,Jean-Philippe Mateta,1.67,8.0,9
218,Norberto Bercique Gomes Betuncal,0.0,7.0,9
220,Dominic Calvert-Lewin,3.59,2.0,9
229,Neal Maupay,0.0,0.0,9
232,Iliman Ndiaye,5.84,2.0,9
237,Youssef Ramalho Chermiti,0.0,0.0,9
251,Rodrigo Muniz Carvalho,0.07000000000000006,1.0,9
252,Raúl Jiménez,4.84,2.0,9
256,Jay Stansfield,0.0,0.0,9
258,Carlos Vinícius Alves Morais,0.0,0.0,9
260,Ali Al-Hamadi,0.0,0.0,9
268,Liam Delap,4.0,5.0,9
272,George Hirst,0.15999999999999992,11.0,9
276,Freddie Ladapo,0.0,0.0,9
286,Tom Cannon,0.0,0.0,9
289,Patson Daka,0.0,0.0,9
306,Jamie Vardy,2.84,8.0,9
316,Darwin Núñez Ribeiro,1.9500000000000002,4.0,9
321,Cody Gakpo,3.1799999999999997,1.0,9
351,Erling Haaland,8.49,6.0,9
352,Julián Álvarez,0.0,0.0,9
375,Rasmus Højlund,3.91,2.0,9
389,Joshua Zirkzee,2.71,4.0,9
401,Alexander Isak,3.75,6.0,9
421,Callum Wilson,0.0,0.0,9
424,Taiwo Awoniyi,1.0899999999999999,1.0,9
430,Emmanuel Dennis,0.0,0.0,9
446,Hwang Ui-jo,0.0,0.0,9
447,Chris Wood,3.54,13.0,9
453,Adam Armstrong,0.6799999999999999,0.0,9
468,Sékou Mara,0.0,0.0,9
470,Paul Onuachu,0.55,1.0,9
473,Ross Stewart,0.99,0.0,9
497,Richarlison de Andrade,0.5900000000000001,0.0,9
500,Dane Scarlett,0.0,0.0,9
507,Alejo Véliz,0.0,0.0,9
512,Michail Antonio,2.76,2.0,9
523,Danny Ings,0.22999999999999998,8.0,9
539,Leon Chiwome,0.0,0.0,9
541,Matheus Santos Carneiro Da Cunha,5.6,9.0,9
545,Fábio Silva,0.0,0.0,9
546,Nathan Fraser,0.0,0.0,9
555,Saša Kalajdžić,0.0,0.0,9
566,Jørgen Strand Larsen,3.25,1.0,9
589,Niclas Füllkrug,0.0,0.0,9
590,William Osula,0.3899999999999999,1.0,9
609,Will Lankshear,0.0,0.0,9
617,Francisco Evanilson de Lima Barbosa,4.01,8.0,9
648,Ethan Wheatley,0.44966666666666666,0.0,9
665,Nathan Butler-Oyedeji,0.0,0.0,9
2,Gabriel Fernando de Jesus,4.2,1.0,10
4,Kai Havertz,4.69,1.0,10
11,Eddie Nketiah,2.76,2.0,10
27,Cameron Archer,2.7,2.0,10
38,Jhon Durán,2.69,1.0,10
58,Ollie Watkins,4.0,2.0,10
65,Enes Ünal,0.97,1.0,10
69,Daniel Jebbison,0.0,0.0,10
82,Dominic Solanke-Mitchell,3.6900000000000004,16.0,10
107,Igor Thiago Nascimento Rodrigues,0.0,0.0,10
108,Ivan Toney,0.0,0.0,10
110,Yoane Wissa,2.6,2.0,10
123,Evan Ferguson,0.94,1.0,10
129,João Pedro Junqueira de Jesus,0.0,0.0,10
138,Mark O’Mahony,0.0,0.0,10
143,Deniz Undav,0.0,0.0,10
148,Danny Welbeck,6.09,5.0,10
156,Armando Broja,0.0,0.0,10
164,David Datro Fofana,0.010000000000000009,0.0,10
165,Deivid Washington de Souza Eugênio,0.010000000000000009,0.0,10
175,Romelu Lukaku Bolingoli,0.010000000000000009,0.0,10
178,Marc Guiu Paz,0.010000000000000009,0.0,10
180,Nicolas Jackson,4.29,1.0,10
198,Odsonne Edouard,0.10000000000000009,0.0,10
207,Jean-Philippe Mateta,4.07,2.0,10
218,Norberto Bercique Gomes Betuncal,0.54,1.0,10
220,Dominic Calvert-Lewin,7.59,2.0,10
229,Neal Maupay,0.0,0.0,10
232,Iliman Ndiaye,7.539999999999999,2.0,10
237,Youssef Ramalho Chermiti,0.0,0.0,10
251,Rodrigo Muniz Carvalho,2.46,0.0,10
252,Raúl Jiménez,3.5199999999999996,2.0,10
256,Jay Stansfield,0.05499999999999994,0.0,10
258,Carlos Vinícius Alves Morais,0.05499999999999994,0.0,10
260,Ali Al-Hamadi,0.0,0.0,10
268,Liam Delap,2.72,2.0,10
272,George Hirst,3.04,0.0,10
276,Freddie Ladapo,0.0,0.0,10
286,Tom Cannon,0.05499999999999994,0.0,10
289,Patson Daka,0.05499999999999994,0.0,10
306,Jamie Vardy,5.25,5.0,10
316,Darwin Núñez Ribeiro,8.66,2.0,10
321,Cody Gakpo,5.45,9.0,10
351,Erling Haaland,4.75,2.0,10
352,Julián Álvarez,0.44866666666666655,0.0,10
375,Rasmus Højlund,2.34,5.0,10
389,Joshua Zirkzee,3.3200000000000003,1.0,10
401,Alexander Isak,1.96,9.0,10
421,Callum Wilson,0.0,0.0,10
424,Taiwo Awoniyi,1.0299999999999998,1.0,10
430,Emmanuel Dennis,0.01750000000000007,0.0,10
446,Hwang Ui-jo,0.01750000000000007,0.0,10
447,Chris Wood,5.09,7.0,10
453,Adam Armstrong,1.4100000000000001,7.0,10
468,Sékou Mara,0.0,0.0,10
470,Paul Onuachu,0.8400000000000001,0.0,10
473,Ross Stewart,0.10000000000000009,0.0,10
497,Richarlison de Andrade,0.95,4.0,10
500,Dane Scarlett,0.0,0.0,10
507,Alejo Véliz,0.0,0.0,10
512,Michail Antonio,3.05,1.0,10
523,Danny Ings,3.25,0.0,10
539,Leon Chiwome,0.0,0.0,10
541,Matheus Santos Carneiro Da Cunha,5.01,6.0,10
545,Fábio Silva,0.0,0.0,10
546,Nathan Fraser,0.0,0.0,10
555,Saša Kalajdžić,0.0,0.0,10
566,Jørgen Strand Larsen,5.08,8.0,10
589,Niclas Füllkrug,0.0,0.0,10
590,William Osula,0.32000000000000006,0.0,10
609,Will Lankshear,0.0,0.0,10
617,Francisco Evanilson de Lima Barbosa,2.68,7.0,10
648,Ethan Wheatley,0.0,0.0,10
665,Nathan Butler-Oyedeji,0.32000000000000006,0.0,10
2,Gabriel Fernando de Jesus,1.1796611750173933,1.0,11
4,Kai Havertz,3.877390389832021,1.0,11
11,Eddie Nketiah,2.8866814919445196,0.0,11
27,Cameron Archer,3.5159647010063697,2.0,11
38,Jhon Durán,2.1496874163233524,1.0,11
58,Ollie Watkins,5.939378116246384,2.0,11
65,Enes Ünal,2.306678714570167,1.0,11
69,Daniel Jebbison,0.12051723214266197,0.0,11
82,Dominic Solanke-Mitchell,5.650186014200367,2.0,11
107,Igor Thiago Nascimento Rodrigues,0.12051723214266197,0.0,11
108,Ivan Toney,0.12051723214266197,0.0,11
110,Yoane Wissa,5.319574743333544,13.0,11
123,Evan Ferguson,1.973485884609964,0.0,11
129,João Pedro Junqueira de Jesus,0.12051723214266197,11.0,11
138,Mark O’Mahony,0.12051723214266197,0.0,11
143,Deniz Undav,0.12051723214266197,0.0,11
148,Danny Welbeck,5.618871315389213,2.0,11
156,Armando Broja,0.12051723214266197,0.0,11
164,David Datro Fofana,0.12051723214266197,0.0,11
165,Deivid Washington de Souza Eugênio,0.12051723214266197,0.0,11
175,Romelu Lukaku Bolingoli,0.12051723214266197,0.0,11
178,Marc Guiu Paz,0.12051723214266197,0.0,11
180,Nicolas Jackson,5.271884268572427,2.0,11
198,Odsonne Edouard,0.12051723214266197,1.0,11
207,Jean-Philippe Mateta,3.3745675830423902,2.0,11
218,Norberto Bercique Gomes Betuncal,1.0306783041873837,1.0,11
220,Dominic Calvert-Lewin,3.768330050637277,2.0,11
229,Neal Maupay,0.12051723214266197,0.0,11
232,Iliman Ndiaye,2.3718255912772306,2.0,11
237,Youssef Ramalho Chermiti,0.12051723214266197,0.0,11
251,Rodrigo Muniz Carvalho,1.4028606054191117,1.0,11
252,Raúl Jiménez,2.7524838416870008,5.0,11
256,Jay Stansfield,0.12051723214266197,0.0,11
258,Carlos Vinícius Alves Morais,0.12051723214266197,0.0,11
260,Ali Al-Hamadi,0.12051723214266197,0.0,11
268,Liam Delap,2.8866814919445196,11.0,11
272,George Hirst,2.5919275686611933,1.0,11
276,Freddie Ladapo,0.12051723214266197,0.0,11
286,Tom Cannon,0.12051723214266197,0.0,11
289,Patson Daka,0.12051723214266197,0.0,11
306,Jamie Vardy,6.801797577682139,0.0,11
316,Darwin Núñez Ribeiro,6.038495847060775,7.0,11
321,Cody Gakpo,5.438873866070135,1.0,11
351,Erling Haaland,3.416369202737066,5.0,11
352,Julián Álvarez,0.12051723214266197,0.0,11
375,Rasmus Højlund,5.83975997108878,2.0,11
389,Joshua Zirkzee,2.072684992730173,1.0,11
401,Alexander Isak,4.298223133245734,11.0,11
421,Callum Wilson,0.12051723214266197,0.0,11
424,Taiwo Awoniyi,1.0132930924910686,1.0,11
430,Emmanuel Dennis,0.12051723214266197,0.0,11
446,Hwang Ui-jo,0.12051723214266197,0.0,11
447,Chris Wood,4.193593740035622,2.0,11
453,Adam Armstrong,2.0469389264826474,2.0,11
468,Sékou Mara,0.12051723214266197,0.0,11
470,Paul Onuachu,1.2352809130366698,1.0,11
473,Ross Stewart,0.12051723214266197,0.0,11
497,Richarlison de Andrade,1.9559984448747145,0.0,11
500,Dane Scarlett,0.12051723214266197,0.0,11
507,Alejo Véliz,0.12051723214266197,0.0,11
512,Michail Antonio,5.202726859031012,2.0,11
523,Danny Ings,1.4523339326176803,1.0,11
539,Leon Chiwome,0.12051723214266197,0.0,11
541,Matheus Santos Carneiro Da Cunha,5.648306703429601,12.0,11
545,Fábio Silva,0.12051723214266197,0.0,11
546,Nathan Fraser,0.12051723214266197,0.0,11
555,Saša Kalajdžić,0.12051723214266197,0.0,11
566,Jørgen Strand Larsen,4.565728299246546,2.0,11
589,Niclas Füllkrug,0.12051723214266197,0.0,11
590,William Osula,0.4028030116841792,1.0,11
609,Will Lankshear,0.12051723214266197,0.0,11
617,Francisco Evanilson de Lima Barbosa,6.027926691517821,8.0,11
648,Ethan Wheatley,0.12051723214266197,0.0,11
665,Nathan Butler-Oyedeji,0.12051723214266197,0.0,11
676,Zach Marsh,0.12051723214266197,0.0,11
2,Gabriel Fernando de Jesus,1.9311779036838876,1.0,12
4,Kai Havertz,4.803679298509037,0.0,12
11,Eddie Nketiah,1.9587574007930235,0.0,12
27,Cameron Archer,2.594718536193921,1.0,12
38,Jhon Durán,2.4080333445225155,1.0,12
58,Ollie Watkins,3.7929861063129406,7.0,12
65,Enes Ünal,2.571815339869498,4.0,12
69,Daniel Jebbison,0.12361770485562884,0.0,12
82,Dominic Solanke-Mitchell,3.412956620513066,5.0,12
107,Igor Thiago Nascimento Rodrigues,0.12361770485562884,1.0,12
108,Ivan Toney,0.12361770485562884,0.0,12
110,Yoane Wissa,5.372973317086099,2.0,12
123,Evan Ferguson,1.5641904595579983,1.0,12
129,João Pedro Junqueira de Jesus,1.4330834427217485,12.0,12
138,Mark O’Mahony,0.12361770485562884,0.0,12
143,Deniz Undav,0.12361770485562884,0.0,12
148,Danny Welbeck,4.991223229013263,2.0,12
156,Armando Broja,0.12361770485562884,0.0,12
164,David Datro Fofana,0.12361770485562884,0.0,12
165,Deivid Washington de Souza Eugênio,0.12361770485562884,0.0,12
175,Romelu Lukaku Bolingoli,0.12361770485562884,0.0,12
178,Marc Guiu Paz,0.12361770485562884,0.0,12
180,Nicolas Jackson,2.7047939729796675,12.0,12
198,Odsonne Edouard,0.5228682814455499,0.0,12
207,Jean-Philippe Mateta,5.192974814087205,5.0,12
218,Norberto Bercique Gomes Betuncal,0.9959815104997569,1.0,12
220,Dominic Calvert-Lewin,4.560580780504956,2.0,12
229,Neal Maupay,0.12361770485562884,0.0,12
232,Iliman Ndiaye,3.1641887038019396,2.0,12
237,Youssef Ramalho Chermiti,0.12361770485562884,0.0,12
251,Rodrigo Muniz Carvalho,1.197652063453785,1.0,12
252,Raúl Jiménez,2.931486340528852,2.0,12
256,Jay Stansfield,0.12361770485562884,0.0,12
258,Carlos Vinícius Alves Morais,0.12361770485562884,0.0,12
260,Ali Al-Hamadi,0.12361770485562884,1.0,12
268,Liam Delap,5.405394439534621,2.0,12
272,George Hirst,0.8828378613285526,0.0,12
276,Freddie Ladapo,0.12361770485562884,0.0,12
286,Tom Cannon,0.12361770485562884,0.0,12
289,Patson Daka,0.12361770485562884,1.0,12
306,Jamie Vardy,5.48932161554709,2.0,12
316,Darwin Núñez Ribeiro,6.548585799249661,2.0,12
321,Cody Gakpo,1.5885738042534832,1.0,12
351,Erling Haaland,4.228715585899712,2.0,12
352,Julián Álvarez,0.12361770485562884,0.0,12
375,Rasmus Højlund,4.519641397689447,1.0,12
389,Joshua Zirkzee,1.7377170811200116,1.0,12
401,Alexander Isak,3.800177789439256,2.0,12
421,Callum Wilson,0.12361770485562884,1.0,12
424,Taiwo Awoniyi,0.9533155794561108,2.0,12
430,Emmanuel Dennis,0.12361770485562884,0.0,12
446,Hwang Ui-jo,0.12361770485562884,0.0,12
447,Chris Wood,3.290339985428841,1.0,12
453,Adam Armstrong,2.2186026938287413,7.0,12
468,Sékou Mara,0.12361770485562884,0.0,12
470,Paul Onuachu,2.162650970928749,1.0,12
473,Ross Stewart,0.12361770485562884,0.0,12
497,Richarlison de Andrade,0.8672049494195087,0.0,12
500,Dane Scarlett,0.12361770485562884,0.0,12
507,Alejo Véliz,0.12361770485562884,0.0,12
512,Michail Antonio,4.0539439029797295,2.0,12
523,Danny Ings,0.7693206552204226,1.0,12
539,Leon Chiwome,0.12361770485562884,0.0,12
541,Matheus Santos Carneiro Da Cunha,4.364484285797676,16.0,12
545,Fábio Silva,0.12361770485562884,0.0,12
546,Nathan Fraser,0.12361770485562884,0.0,12
555,Saša Kalajdžić,0.12361770485562884,0.0,12
566,Jørgen Strand Larsen,3.6411461404429435,5.0,12
589,Niclas Füllkrug,0.12361770485562884,0.0,12
590,William Osula,0.5228682814455499,0.0,12
609,Will Lankshear,0.12361770485562884,0.0,12
617,Francisco Evanilson de Lima Barbosa,5.0836291718652875,2.0,12
648,Ethan Wheatley,0.12361770485562884,0.0,12
665,Nathan Butler-Oyedeji,0.12361770485562884,0.0,12
676,Zach Marsh,0.12361770485562884,0.0,12
2,Gabriel Fernando de Jesus,0.9952758791322247,1.0,13
4,Kai Havertz,2.5141328066685182,6.0,13
11,Eddie Nketiah,2.870990778541638,1.0,13
27,Cameron Archer,2.481301648339765,2.0,13
38,Jhon Durán,1.795577486511256,1.0,13
58,Ollie Watkins,3.112824449867425,2.0,13
65,Enes Ünal,1.2638995474063437,1.0,13
69,Daniel Jebbison,0.1337432404464478,0.0,13
82,Dominic Solanke-Mitchell,3.7216719395124853,0.0,13
107,Igor Thiago Nascimento Rodrigues,1.129157967158878,1.0,13
108,Ivan Toney,0.1337432404464478,0.0,13
110,Yoane Wissa,3.692971768792404,8.0,13
123,Evan Ferguson,0.9543118257521963,1.0,13
129,João Pedro Junqueira de Jesus,2.5348400856076063,2.0,13
138,Mark O’Mahony,0.1337432404464478,0.0,13
143,Deniz Undav,0.1337432404464478,0.0,13
148,Danny Welbeck,5.296576481989689,2.0,13
156,Armando Broja,0.1337432404464478,0.0,13
164,David Datro Fofana,0.1337432404464478,0.0,13
165,Deivid Washington de Souza Eugênio,0.1337432404464478,0.0,13
175,Romelu Lukaku Bolingoli,0.1337432404464478,0.0,13
178,Marc Guiu Paz,0.1337432404464478,0.0,13
180,Nicolas Jackson,3.328004468912921,6.0,13
198,Odsonne Edouard,0.38391136811420945,0.0,13
207,Jean-Philippe Mateta,4.412169409961649,2.0,13
218,Norberto Bercique Gomes Betuncal,1.844359879987353,2.0,13
220,Dominic Calvert-Lewin,3.400245316728351,1.0,13
229,Neal Maupay,0.1337432404464478,0.0,13
232,Iliman Ndiaye,4.290938885916027,2.0,13
237,Youssef Ramalho Chermiti,0.1337432404464478,0.0,13
251,Rodrigo Muniz Carvalho,1.1668737807269958,1.0,13
252,Raúl Jiménez,6.127802752497287,2.0,13
256,Jay Stansfield,0.1337432404464478,0.0,13
258,Carlos Vinícius Alves Morais,0.1337432404464478,0.0,13
260,Ali Al-Hamadi,0.7708169211862008,0.0,13
268,Liam Delap,3.6434946820641736,2.0,13
272,George Hirst,0.5611572599779846,0.0,13
276,Freddie Ladapo,0.1337432404464478,0.0,13
286,Tom Cannon,0.1337432404464478,0.0,13
289,Patson Daka,0.7708169211862008,1.0,13
306,Jamie Vardy,3.4858449163827396,5.0,13
316,Darwin Núñez Ribeiro,3.235623003609713,1.0,13
321,Cody Gakpo,3.5481297699352172,9.0,13
351,Erling Haaland,4.46353784211773,2.0,13
352,Julián Álvarez,0.1337432404464478,0.0,13
375,Rasmus Højlund,4.237754358877763,0.0,13
389,Joshua Zirkzee,0.652737971046,13.0,13
401,Alexander Isak,3.3986891635342777,1.0,13
421,Callum Wilson,1.1957710714522092,0.0,13
424,Taiwo Awoniyi,1.5919533135709418,0.0,13
430,Emmanuel Dennis,0.1337432404464478,0.0,13
446,Hwang Ui-jo,0.1337432404464478,0.0,13
447,Chris Wood,3.1686849718231693,9.0,13
453,Adam Armstrong,5.796815205359989,5.0,13
468,Sékou Mara,0.1337432404464478,0.0,13
470,Paul Onuachu,1.5927631700526157,0.0,13
473,Ross Stewart,0.1337432404464478,0.0,13
497,Richarlison de Andrade,0.6762179781795892,0.0,13
500,Dane Scarlett,0.1337432404464478,0.0,13
507,Alejo Véliz,0.1337432404464478,0.0,13
512,Michail Antonio,4.251737916413808,2.0,13
523,Danny Ings,2.7112906710199076,1.0,13
539,Leon Chiwome,0.1337432404464478,0.0,13
541,Matheus Santos Carneiro Da Cunha,5.846466546468916,2.0,13
545,Fábio Silva,0.1337432404464478,0.0,13
546,Nathan Fraser,0.1337432404464478,0.0,13
555,Saša Kalajdžić,0.1337432404464478,0.0,13
566,Jørgen Strand Larsen,3.504660541272373,11.0,13
589,Niclas Füllkrug,0.1337432404464478,0.0,13
590,William Osula,0.38391136811420945,0.0,13
609,Will Lankshear,0.1337432404464478,1.0,13
617,Francisco Evanilson de Lima Barbosa,6.231265563581372,12.0,13
648,Ethan Wheatley,0.1337432404464478,0.0,13
665,Nathan Butler-Oyedeji,0.1337432404464478,0.0,13
676,Zach Marsh,0.1337432404464478,0.0,13
2,Gabriel Fernando de Jesus,1.2706453101321764,0.0,14
4,Kai Havertz,3.8161649525286796,2.0,14
11,Eddie Nketiah,0.9082750933737334,1.0,14
27,Cameron Archer,4.098805611891009,2.0,14
38,Jhon Durán,1.2652849174463343,0.0,14
58,Ollie Watkins,3.221317080111863,12.0,14
65,Enes Ünal,0.8626535464251268,1.0,14
69,Daniel Jebbison,0.13421250241148397,0.0,14
82,Dominic Solanke-Mitchell,4.9677308753719585,2.0,14
107,Igor Thiago Nascimento Rodrigues,2.652406111039902,1.0,14
108,Ivan Toney,0.13421250241148397,0.0,14
110,Yoane Wissa,3.5097105234227852,2.0,14
123,Evan Ferguson,1.1502157819150054,1.0,14
129,João Pedro Junqueira de Jesus,5.780742472920227,5.0,14
138,Mark O’Mahony,0.13421250241148397,0.0,14
143,Deniz Undav,0.13421250241148397,0.0,14
148,Danny Welbeck,4.556413773823662,0.0,14
156,Armando Broja,0.13421250241148397,1.0,14
164,David Datro Fofana,0.13421250241148397,0.0,14
165,Deivid Washington de Souza Eugênio,0.13421250241148397,0.0,14
175,Romelu Lukaku Bolingoli,0.13421250241148397,0.0,14
178,Marc Guiu Paz,0.13421250241148397,0.0,14
180,Nicolas Jackson,4.287894330195167,0.0,14
198,Odsonne Edouard,0.41282327752063397,0.0,14
207,Jean-Philippe Mateta,3.5950970562863356,8.0,14
218,Norberto Bercique Gomes Betuncal,3.0101026486091964,0.0,14
220,Dominic Calvert-Lewin,5.292195601111099,5.0,14
229,Neal Maupay,0.13421250241148397,0.0,14
232,Iliman Ndiaye,4.06172669433215,2.0,14
237,Youssef Ramalho Chermiti,0.13421250241148397,0.0,14
251,Rodrigo Muniz Carvalho,1.0898621161619784,2.0,14
252,Raúl Jiménez,3.4775761205813085,1.0,14
256,Jay Stansfield,0.13421250241148397,0.0,14
258,Carlos Vinícius Alves Morais,0.13421250241148397,0.0,14
260,Ali Al-Hamadi,0.6097169084879148,1.0,14
268,Liam Delap,5.8554088685449095,2.0,14
272,George Hirst,1.0855462449516735,0.0,14
276,Freddie Ladapo,0.13421250241148397,0.0,14
286,Tom Cannon,0.13421250241148397,0.0,14
289,Patson Daka,1.1483009195378102,7.0,14
306,Jamie Vardy,1.6054412356257974,4.0,14
316,Darwin Núñez Ribeiro,4.053667069382669,1.0,14
321,Cody Gakpo,4.451626994021025,2.0,14
351,Erling Haaland,3.004198928305101,5.0,14
352,Julián Álvarez,0.13421250241148397,0.0,14
375,Rasmus Højlund,2.8537495709777296,2.0,14
389,Joshua Zirkzee,1.7918522749665415,1.0,14
401,Alexander Isak,4.398181284606955,11.0,14
421,Callum Wilson,1.039291258360059,1.0,14
424,Taiwo Awoniyi,1.8688497422011565,1.0,14
430,Emmanuel Dennis,0.13421250241148397,0.0,14
446,Hwang Ui-jo,0.13421250241148397,0.0,14
447,Chris Wood,4.215227742712364,2.0,14
453,Adam Armstrong,5.0207408416009045,1.0,14
468,Sékou Mara,0.13421250241148397,0.0,14
470,Paul Onuachu,1.6048302172473456,0.0,14
473,Ross Stewart,0.13421250241148397,0.0,14
497,Richarlison de Andrade,0.1608281029072982,0.0,14
500,Dane Scarlett,0.13421250241148397,0.0,14
507,Alejo Véliz,0.13421250241148397,0.0,14
512,Michail Antonio,3.342030682736116,1.0,14
523,Danny Ings,2.89846842993477,1.0,14
539,Leon Chiwome,0.13421250241148397,0.0,14
541,Matheus Santos Carneiro Da Cunha,6.363900150787866,2.0,14
545,Fábio Silva,0.13421250241148397,0.0,14
546,Nathan Fraser,0.13421250241148397,0.0,14
555,Saša Kalajdžić,0.13421250241148397,0.0,14
566,Jørgen Strand Larsen,4.012835031111538,2.0,14
589,Niclas Füllkrug,0.13421250241148397,6.0,14
590,William Osula,0.41282327752063397,0.0,14
609,Will Lankshear,0.41282327752063397,0.0,14
617,Francisco Evanilson de Lima Barbosa,4.314082785789518,2.0,14
648,Ethan Wheatley,0.13421250241148397,0.0,14
665,Nathan Butler-Oyedeji,0.13421250241148397,0.0,14
676,Zach Marsh,0.13421250241148397,0.0,14
2,Gabriel Fernando de Jesus,1.2754914104252872,1.0,15
4,Kai Havertz,3.2619629752747965,5.0,15
11,Eddie Nketiah,1.4003483714487888,0.0,15
27,Cameron Archer,3.8067980582137304,2.0,15
38,Jhon Durán,1.3783920231239701,8.0,15
58,Ollie Watkins,5.2439560592402925,1.0,15
65,Enes Ünal,0.7693539455707907,6.0,15
69,Daniel Jebbison,0.1376978221519427,0.0,15
82,Dominic Solanke-Mitchell,3.6780898767759043,6.0,15
107,Igor Thiago Nascimento Rodrigues,2.1126283705188857,2.0,15
108,Ivan Toney,0.1376978221519427,0.0,15
110,Yoane Wissa,3.4298104830376746,7.0,15
123,Evan Ferguson,0.8893257029478576,2.0,15
129,João Pedro Junqueira de Jesus,4.650348423636858,2.0,15
138,Mark O’Mahony,0.1376978221519427,0.0,15
143,Deniz Undav,0.1376978221519427,0.0,15
148,Danny Welbeck,3.071255534370926,1.0,15
164,David Datro Fofana,0.1376978221519427,0.0,15
165,Deivid Washington de Souza Eugênio,0.1376978221519427,0.0,15
175,Romelu Lukaku Bolingoli,0.1376978221519427,0.0,15
178,Marc Guiu Paz,0.1376978221519427,0.0,15
180,Nicolas Jackson,2.862152792680913,2.0,15
198,Odsonne Edouard,0.1376978221519427,0.0,15
207,Jean-Philippe Mateta,2.5803192420094487,2.0,15
251,Rodrigo Muniz Carvalho,1.8663139414983645,1.0,15
252,Raúl Jiménez,2.9771207866481664,8.0,15
256,Jay Stansfield,0.1376978221519427,0.0,15
258,Carlos Vinícius Alves Morais,0.1376978221519427,0.0,15
260,Ali Al-Hamadi,0.9806437915756752,1.0,15
268,Liam Delap,4.212897216386365,1.0,15
272,George Hirst,0.41664921935415866,0.0,15
276,Freddie Ladapo,0.1376978221519427,0.0,15
286,Tom Cannon,0.1376978221519427,0.0,15
289,Patson Daka,1.7282522811024092,1.0,15
306,Jamie Vardy,3.9953391970715435,12.0,15
351,Erling Haaland,3.8140737839246297,7.0,15
352,Julián Álvarez,0.1376978221519427,0.0,15
375,Rasmus Højlund,1.0695991581093667,8.0,15
389,Joshua Zirkzee,3.528028588014256,1.0,15
401,Alexander Isak,4.689831185477524,8.0,15
421,Callum Wilson,0.7627791250807126,1.0,15
424,Taiwo Awoniyi,2.754658013179913,1.0,15
430,Emmanuel Dennis,0.1376978221519427,0.0,15
446,Hwang Ui-jo,0.1376978221519427,0.0,15
447,Chris Wood,3.4522645837289145,8.0,15
453,Adam Armstrong,4.25886428530617,2.0,15
468,Sékou Mara,0.1376978221519427,0.0,15
470,Paul Onuachu,1.1393787511561628,0.0,15
473,Ross Stewart,0.1376978221519427,0.0,15
497,Richarlison de Andrade,-0.00148070942894718,0.0,15
500,Dane Scarlett,0.1376978221519427,0.0,15
507,Alejo Véliz,0.1376978221519427,0.0,15
512,Michail Antonio,3.4026083998844046,0.0,15
523,Danny Ings,1.9201863938584607,1.0,15
539,Leon Chiwome,0.1376978221519427,0.0,15
541,Matheus Santos Carneiro Da Cunha,4.52694414262083,1.0,15
545,Fábio Silva,0.1376978221519427,0.0,15
546,Nathan Fraser,0.1376978221519427,0.0,15
555,Saša Kalajdžić,0.1376978221519427,0.0,15
566,Jørgen Strand Larsen,1.6763181597388752,2.0,15
589,Niclas Füllkrug,0.673585292657795,0.0,15
590,William Osula,0.1376978221519427,0.0,15
609,Will Lankshear,0.27343263510415916,0.0,15
617,Francisco Evanilson de Lima Barbosa,2.7216988378050666,2.0,15
648,Ethan Wheatley,0.1376978221519427,0.0,15
665,Nathan Butler-Oyedeji,0.1376978221519427,0.0,15
676,Zach Marsh,0.1376978221519427,0.0,15
2,Gabriel Fernando de Jesus,1.1150000000000002,1.0,16
4,Kai Havertz,4.18,2.0,16
11,Eddie Nketiah,0.37150000000000016,4.0,16
27,Cameron Archer,2.7264761904761907,1.0,16
38,Jhon Durán,0.3600000000000001,5.0,16
58,Ollie Watkins,4.98,1.0,16
65,Enes Ünal,1.9981666666666666,8.0,16
69,Daniel Jebbison,0.07264315879745875,0.0,16
82,Dominic Solanke-Mitchell,5.49,5.0,16
107,Igor Thiago Nascimento Rodrigues,1.3399999999999999,0.0,16
108,Ivan Toney,0.07264315879745875,0.0,16
110,Yoane Wissa,6.62,2.0,16
123,Evan Ferguson,2.9494206349206347,1.0,16
129,João Pedro Junqueira de Jesus,4.71,2.0,16
138,Mark O’Mahony,0.07264315879745875,0.0,16
143,Deniz Undav,0.07264315879745875,0.0,16
148,Danny Welbeck,3.196666666666667,0.0,16
156,Armando Broja,0.5922911255411254,0.0,16
164,David Datro Fofana,0.07264315879745875,0.0,16
165,Deivid Washington de Souza Eugênio,0.07264315879745875,0.0,16
175,Romelu Lukaku Bolingoli,0.07264315879745875,0.0,16
178,Marc Guiu Paz,0.07264315879745875,0.0,16
180,Nicolas Jackson,4.03,9.0,16
198,Odsonne Edouard,0.07264315879745875,0.0,16
207,Jean-Philippe Mateta,2.635,1.0,16
218,Norberto Bercique Gomes Betuncal,1.0499999999999998,0.0,16
220,Dominic Calvert-Lewin,1.63,2.0,16
229,Neal Maupay,0.07264315879745875,0.0,16
232,Iliman Ndiaye,3.13,2.0,16
237,Youssef Ramalho Chermiti,0.07264315879745875,0.0,16
251,Rodrigo Muniz Carvalho,2.11,7.0,16
252,Raúl Jiménez,2.57,2.0,16
256,Jay Stansfield,0.07264315879745875,0.0,16
258,Carlos Vinícius Alves Morais,0.07264315879745875,0.0,16
260,Ali Al-Hamadi,1.4891666666666667,1.0,16
268,Liam Delap,5.04,1.0,16
272,George Hirst,0.07264315879745875,0.0,16
276,Freddie Ladapo,0.07264315879745875,0.0,16
286,Tom Cannon,0.07264315879745875,0.0,16
289,Patson Daka,2.2055000000000002,1.0,16
306,Jamie Vardy,3.1100000000000003,1.0,16
316,Darwin Núñez Ribeiro,0.77,3.0,16
321,Cody Gakpo,2.1637142857142857,9.0,16
351,Erling Haaland,3.505,2.0,16
352,Julián Álvarez,0.07264315879745875,0.0,16
375,Rasmus Højlund,3.6399999999999997,1.0,16
389,Joshua Zirkzee,2.300047619047619,1.0,16
401,Alexander Isak,5.3425,11.0,16
421,Callum Wilson,0.7869523809523811,0.0,16
424,Taiwo Awoniyi,0.40849999999999964,0.0,16
430,Emmanuel Dennis,0.07264315879745875,0.0,16
446,Hwang Ui-jo,0.07264315879745875,0.0,16
447,Chris Wood,2.263333333333333,2.0,16
453,Adam Armstrong,4.2,2.0,16
468,Sékou Mara,0.07264315879745875,0.0,16
470,Paul Onuachu,7.065054823979976,0.0,16
473,Ross Stewart,0.07264315879745875,0.0,16
497,Richarlison de Andrade,0.0701347120295106,0.0,16
500,Dane Scarlett,0.07264315879745875,0.0,16
507,Alejo Véliz,0.07264315879745875,0.0,16
512,Michail Antonio,4.599642857142857,0.0,16
523,Danny Ings,1.4034999999999997,0.0,16
539,Leon Chiwome,0.07264315879745875,0.0,16
541,Matheus Santos Carneiro Da Cunha,3.05,9.0,16
545,Fábio Silva,0.07264315879745875,0.0,16
546,Nathan Fraser,0.07264315879745875,0.0,16
555,Saša Kalajdžić,0.07264315879745875,0.0,16
566,Jørgen Strand Larsen,3.37,2.0,16
589,Niclas Füllkrug,0.31296031746031794,1.0,16
590,William Osula,0.07264315879745875,1.0,16
609,Will Lankshear,0.2964129922365222,1.0,16
617,Francisco Evanilson de Lima Barbosa,4.574,2.0,16
648,Ethan Wheatley,0.07264315879745875,0.0,16
665,Nathan Butler-Oyedeji,0.07264315879745875,0.0,16
676,Zach Marsh,0.07264315879745875,0.0,16
698,Divin Mubama,0.07264315879745875,0.0,16
2,Gabriel Fernando de Jesus,1.8651428571428572,16.0,17
4,Kai Havertz,4.1,6.0,17
11,Eddie Nketiah,1.56,1.0,17
27,Cameron Archer,2.73,1.0,17
38,Jhon Durán,5.98,7.0,17
58,Ollie Watkins,1.87,1.0,17
65,Enes Ünal,3.3200000000000003,1.0,17
69,Daniel Jebbison,0.06739756946463316,0.0,17
82,Dominic Solanke-Mitchell,2.72,9.0,17
107,Igor Thiago Nascimento Rodrigues,1.9889999999999999,0.0,17
108,Ivan Toney,0.06739756946463316,0.0,17
110,Yoane Wissa,5.026666666666666,1.0,17
123,Evan Ferguson,3.033619047619048,1.0,17
129,João Pedro Junqueira de Jesus,3.5700000000000003,2.0,17
138,Mark O’Mahony,0.06739756946463316,0.0,17
143,Deniz Undav,0.06739756946463316,0.0,17
148,Danny Welbeck,4.213333333333333,0.0,17
156,Armando Broja,1.148333333333333,0.0,17
164,David Datro Fofana,0.06739756946463316,0.0,17
165,Deivid Washington de Souza Eugênio,0.06739756946463316,0.0,17
175,Romelu Lukaku Bolingoli,0.06739756946463316,0.0,17
178,Marc Guiu Paz,0.06739756946463316,0.0,17
180,Nicolas Jackson,5.66,2.0,17
198,Odsonne Edouard,0.06739756946463316,0.0,17
207,Jean-Philippe Mateta,3.6900000000000004,2.0,17
218,Norberto Bercique Gomes Betuncal,0.06739756946463316,0.0,17
220,Dominic Calvert-Lewin,5.56,2.0,17
229,Neal Maupay,0.06739756946463316,0.0,17
232,Iliman Ndiaye,3.5999999999999996,1.0,17
237,Youssef Ramalho Chermiti,0.06739756946463316,0.0,17
251,Rodrigo Muniz Carvalho,1.19,2.0,17
252,Raúl Jiménez,4.69,0.0,17
256,Jay Stansfield,0.06739756946463316,0.0,17
258,Carlos Vinícius Alves Morais,0.06739756946463316,1.0,17
260,Ali Al-Hamadi,0.5559166666666664,0.0,17
268,Liam Delap,5.56,0.0,17
272,George Hirst,0.06739756946463316,0.0,17
276,Freddie Ladapo,0.06739756946463316,0.0,17
286,Tom Cannon,0.06739756946463316,0.0,17
289,Patson Daka,3.9366666666666665,0.0,17
306,Jamie Vardy,3.1900000000000004,2.0,17
316,Darwin Núñez Ribeiro,1.4500000000000002,1.0,17
321,Cody Gakpo,3.716666666666667,1.0,17
351,Erling Haaland,3.7,2.0,17
352,Julián Álvarez,0.06739756946463316,0.0,17
375,Rasmus Højlund,5.29,1.0,17
389,Joshua Zirkzee,1.25,1.0,17
401,Alexander Isak,1.8599999999999999,17.0,17
421,Callum Wilson,0.8883333333333332,0.0,17
424,Taiwo Awoniyi,0.14500000000000002,1.0,17
430,Emmanuel Dennis,0.06739756946463316,0.0,17
446,Hwang Ui-jo,0.06739756946463316,0.0,17
447,Chris Wood,2.02,2.0,17
453,Adam Armstrong,3.7800000000000002,2.0,17
468,Sékou Mara,0.06739756946463316,0.0,17
470,Paul Onuachu,0.3972090399039161,1.0,17
473,Ross Stewart,0.06739756946463316,0.0,17
497,Richarlison de Andrade,0.02559214617884087,0.0,17
500,Dane Scarlett,0.06739756946463316,0.0,17
507,Alejo Véliz,0.06739756946463316,0.0,17
512,Michail Antonio,0.78,0.0,17
523,Danny Ings,4.6765,0.0,17
539,Leon Chiwome,0.06739756946463316,0.0,17
541,Matheus Santos Carneiro Da Cunha,3.46,9.0,17
545,Fábio Silva,0.06739756946463316,0.0,17
546,Nathan Fraser,0.06739756946463316,0.0,17
555,Saša Kalajdžić,0.06739756946463316,0.0,17
566,Jørgen Strand Larsen,3.5700000000000003,2.0,17
589,Niclas Füllkrug,0.7029047619047619,1.0,17
590,William Osula,0.4788333333333332,0.0,17
609,Will Lankshear,0.636468253968254,0.0,17
617,Francisco Evanilson de Lima Barbosa,3.1100000000000003,2.0,17
648,Ethan Wheatley,0.06739756946463316,0.0,17
665,Nathan Butler-Oyedeji,0.06739756946463316,0.0,17
676,Zach Marsh,0.06739756946463316,0.0,17
698,Divin Mubama,0.06739756946463316,0.0,17
2,Gabriel Fernando de Jesus,2.32,2.0,18
4,Kai Havertz,3.5599999999999996,7.0,18
11,Eddie Nketiah,0.3698095238095238,0.0,18
27,Cameron Archer,2.605,0.0,18
38,Jhon Durán,2.9883333333333337,-2.0,18
58,Ollie Watkins,5.42,1.0,18
65,Enes Ünal,1.71,2.0,18
69,Daniel Jebbison,0.06876869339723601,0.0,18
82,Dominic Solanke-Mitchell,6.0,2.0,18
107,Igor Thiago Nascimento Rodrigues,0.6066666666666665,0.0,18
108,Ivan Toney,0.06876869339723601,0.0,18
110,Yoane Wissa,5.71,2.0,18
123,Evan Ferguson,2.028428571428571,0.0,18
129,João Pedro Junqueira de Jesus,5.64,2.0,18
138,Mark O’Mahony,0.06876869339723601,0.0,18
143,Deniz Undav,0.06876869339723601,0.0,18
148,Danny Welbeck,0.8666666666666665,0.0,18
156,Armando Broja,0.33000000000000007,1.0,18
164,David Datro Fofana,0.06876869339723601,0.0,18
165,Deivid Washington de Souza Eugênio,0.06876869339723601,0.0,18
175,Romelu Lukaku Bolingoli,0.06876869339723601,0.0,18
178,Marc Guiu Paz,0.06876869339723601,0.0,18
180,Nicolas Jackson,4.67,2.0,18
198,Odsonne Edouard,0.06876869339723601,0.0,18
207,Jean-Philippe Mateta,4.17,2.0,18
218,Norberto Bercique Gomes Betuncal,0.21550793650793687,0.0,18
220,Dominic Calvert-Lewin,3.6399999999999997,2.0,18
229,Neal Maupay,0.06876869339723601,0.0,18
232,Iliman Ndiaye,2.88,9.0,18
237,Youssef Ramalho Chermiti,0.06876869339723601,0.0,18
251,Rodrigo Muniz Carvalho,3.87,7.0,18
252,Raúl Jiménez,3.7199999999999998,2.0,18
256,Jay Stansfield,0.06876869339723601,0.0,18
258,Carlos Vinícius Alves Morais,0.4119404761904759,0.0,18
260,Ali Al-Hamadi,3.0300000000000002,1.0,18
268,Liam Delap,2.93,2.0,18
272,George Hirst,0.06876869339723601,0.0,18
276,Freddie Ladapo,0.06876869339723601,0.0,18
286,Tom Cannon,0.06876869339723601,0.0,18
289,Patson Daka,2.64,2.0,18
306,Jamie Vardy,3.62,0.0,18
316,Darwin Núñez Ribeiro,0.8140000000000001,2.0,18
321,Cody Gakpo,3.0280000000000005,12.0,18
351,Erling Haaland,2.8,0.0,18
352,Julián Álvarez,0.06876869339723601,0.0,18
375,Rasmus Højlund,5.298916666666667,2.0,18
389,Joshua Zirkzee,2.6,1.0,18
401,Alexander Isak,2.62,8.0,18
421,Callum Wilson,0.21550793650793687,0.0,18
424,Taiwo Awoniyi,0.13830322455322497,1.0,18
430,Emmanuel Dennis,0.06876869339723601,0.0,18
446,Hwang Ui-jo,0.06876869339723601,0.0,18
447,Chris Wood,3.5300000000000002,2.0,18
453,Adam Armstrong,2.72,2.0,18
468,Sékou Mara,0.06876869339723601,0.0,18
470,Paul Onuachu,0.408655844155845,2.0,18
473,Ross Stewart,0.06876869339723601,0.0,18
497,Richarlison de Andrade,0.028792277246694864,0.0,18
500,Dane Scarlett,0.06876869339723601,0.0,18
507,Alejo Véliz,0.06876869339723601,0.0,18
512,Michail Antonio,0.06876869339723601,0.0,18
523,Danny Ings,0.32465079365079386,0.0,18
539,Leon Chiwome,0.06876869339723601,0.0,18
541,Matheus Santos Carneiro Da Cunha,5.81,12.0,18
545,Fábio Silva,0.06876869339723601,0.0,18
546,Nathan Fraser,0.06876869339723601,0.0,18
555,Saša Kalajdžić,0.06876869339723601,0.0,18
566,Jørgen Strand Larsen,2.71,2.0,18
589,Niclas Füllkrug,2.88147619047619,5.0,18
590,William Osula,0.3354523809523815,1.0,18
609,Will Lankshear,0.49011111111111116,0.0,18
617,Francisco Evanilson de Lima Barbosa,2.3642142857142856,1.0,18
648,Ethan Wheatley,0.06876869339723601,0.0,18
665,Nathan Butler-Oyedeji,0.06876869339723601,0.0,18
676,Zach Marsh,0.06876869339723601,0.0,18
698,Divin Mubama,0.06876869339723601,0.0,18
2,Gabriel Fernando de Jesus,4.37,12.0,19
4,Kai Havertz,3.3,0.0,19
11,Eddie Nketiah,1.4500000000000002,0.0,19
27,Cameron Archer,0.96,1.0,19
38,Jhon Durán,4.66,0.0,19
58,Ollie Watkins,1.9800000000000004,12.0,19
65,Enes Ünal,4.156000000000001,0.0,19
69,Daniel Jebbison,0.059996527956277745,0.0,19
82,Dominic Solanke-Mitchell,5.85,2.0,19
107,Igor Thiago Nascimento Rodrigues,1.1354605263157893,0.0,19
108,Ivan Toney,0.059996527956277745,0.0,19
110,Yoane Wissa,4.84,2.0,19
123,Evan Ferguson,0.29066666666666663,0.0,19
129,João Pedro Junqueira de Jesus,2.1100000000000003,9.0,19
138,Mark O’Mahony,0.059996527956277745,0.0,19
143,Deniz Undav,0.059996527956277745,0.0,19
148,Danny Welbeck,0.9010299213335831,0.0,19
156,Armando Broja,1.7189999999999994,2.0,19
164,David Datro Fofana,0.059996527956277745,0.0,19
165,Deivid Washington de Souza Eugênio,0.059996527956277745,0.0,19
175,Romelu Lukaku Bolingoli,0.059996527956277745,0.0,19
178,Marc Guiu Paz,0.059996527956277745,0.0,19
180,Nicolas Jackson,3.389999999999999,1.0,19
198,Odsonne Edouard,0.06215537541175031,0.0,19
207,Jean-Philippe Mateta,3.2033333333333323,2.0,19
218,Norberto Bercique Gomes Betuncal,0.16000000000000014,1.0,19
220,Dominic Calvert-Lewin,3.16,1.0,19
229,Neal Maupay,0.059996527956277745,0.0,19
232,Iliman Ndiaye,3.1100000000000003,2.0,19
237,Youssef Ramalho Chermiti,0.059996527956277745,0.0,19
251,Rodrigo Muniz Carvalho,3.1670000000000007,1.0,19
252,Raúl Jiménez,5.35,9.0,19
256,Jay Stansfield,0.059996527956277745,0.0,19
258,Carlos Vinícius Alves Morais,0.3227619047619039,0.0,19
260,Ali Al-Hamadi,1.0899999999999999,1.0,19
268,Liam Delap,3.4000000000000004,11.0,19
272,George Hirst,0.0633923896162365,0.0,19
276,Freddie Ladapo,0.14229081121238174,0.0,19
286,Tom Cannon,0.06215537541175031,0.0,19
289,Patson Daka,1.2699999999999996,1.0,19
306,Jamie Vardy,4.09,2.0,19
316,Darwin Núñez Ribeiro,3.6399999999999997,0.0,19
321,Cody Gakpo,4.55,5.0,19
351,Erling Haaland,2.92,8.0,19
352,Julián Álvarez,0.030122114327608696,0.0,19
375,Rasmus Højlund,3.4800000000000004,2.0,19
389,Joshua Zirkzee,1.46,1.0,19
401,Alexander Isak,5.470000000000001,7.0,19
421,Callum Wilson,0.030122114327608696,0.0,19
424,Taiwo Awoniyi,0.7580198412698418,1.0,19
430,Emmanuel Dennis,0.030122114327608696,0.0,19
446,Hwang Ui-jo,0.030122114327608696,0.0,19
447,Chris Wood,4.17,12.0,19
453,Adam Armstrong,2.9800000000000004,5.0,19
468,Sékou Mara,0.06215537541175031,0.0,19
470,Paul Onuachu,1.5300000000000002,2.0,19
473,Ross Stewart,0.06215537541175031,0.0,19
497,Richarlison de Andrade,0.042652509732753696,0.0,19
500,Dane Scarlett,0.059996527956277745,0.0,19
507,Alejo Véliz,0.059996527956277745,0.0,19
512,Michail Antonio,0.14229081121238174,0.0,19
523,Danny Ings,0.4037787827858925,0.0,19
539,Leon Chiwome,0.059996527956277745,0.0,19
541,Matheus Santos Carneiro Da Cunha,7.1899999999999995,1.0,19
545,Fábio Silva,0.059996527956277745,0.0,19
546,Nathan Fraser,0.059996527956277745,0.0,19
555,Saša Kalajdžić,0.059996527956277745,0.0,19
566,Jørgen Strand Larsen,2.9800000000000004,6.0,19
589,Niclas Füllkrug,10.78,1.0,19
590,William Osula,0.9015238095238103,0.0,19
609,Will Lankshear,0.1809999999999996,0.0,19
617,Francisco Evanilson de Lima Barbosa,1.8499999999999996,8.0,19
648,Ethan Wheatley,0.059996527956277745,0.0,19
665,Nathan Butler-Oyedeji,0.06772482142900138,0.0,19
676,Zach Marsh,0.059996527956277745,0.0,19
698,Divin Mubama,0.030122114327608696,0.0,19
707,Remy Rees-Dottin,0.059996527956277745,0.0,19
709,Jayden Danns,0.06772482142900138,0.0,19
2,Gabriel Fernando de Jesus,6.08,2.0,20
4,Kai Havertz,4.31,0.0,20
11,Eddie Nketiah,2.0,1.0,20
27,Cameron Archer,0.6099999999999999,1.0,20
38,Jhon Durán,2.1900000000000004,0.0,20
58,Ollie Watkins,4.72,2.0,20
65,Enes Ünal,3.3049999999999997,1.0,20
69,Daniel Jebbison,0.05644458326966273,0.0,20
82,Dominic Solanke-Mitchell,3.1100000000000003,9.0,20
107,Igor Thiago Nascimento Rodrigues,0.4518349228169658,0.0,20
108,Ivan Toney,0.05644458326966273,0.0,20
110,Yoane Wissa,4.93,11.0,20
123,Evan Ferguson,0.7735294117647054,0.0,20
129,João Pedro Junqueira de Jesus,3.9000000000000004,9.0,20
138,Mark O’Mahony,0.05644458326966273,0.0,20
143,Deniz Undav,0.05644458326966273,0.0,20
148,Danny Welbeck,0.8807669616519171,0.0,20
156,Armando Broja,5.600666666666665,1.0,20
164,David Datro Fofana,0.05644458326966273,0.0,20
165,Deivid Washington de Souza Eugênio,0.05644458326966273,0.0,20
175,Romelu Lukaku Bolingoli,0.05644458326966273,0.0,20
178,Marc Guiu Paz,0.05644458326966273,1.0,20
180,Nicolas Jackson,3.7,2.0,20
198,Odsonne Edouard,0.05406384900582806,0.0,20
207,Jean-Philippe Mateta,3.38,8.0,20
218,Norberto Bercique Gomes Betuncal,2.514333333333333,1.0,20
220,Dominic Calvert-Lewin,3.24,1.0,20
229,Neal Maupay,0.05644458326966273,0.0,20
232,Iliman Ndiaye,3.25,2.0,20
237,Youssef Ramalho Chermiti,0.05644458326966273,0.0,20
251,Rodrigo Muniz Carvalho,1.5149999999999997,1.0,20
252,Raúl Jiménez,7.550000000000001,13.0,20
256,Jay Stansfield,0.05644458326966273,0.0,20
258,Carlos Vinícius Alves Morais,0.24798179271708642,0.0,20
260,Ali Al-Hamadi,0.7799999999999998,1.0,20
268,Liam Delap,7.0600000000000005,8.0,20
272,George Hirst,0.03753448489413991,0.0,20
276,Freddie Ladapo,0.13936737377428754,0.0,20
286,Tom Cannon,0.05406384900582806,0.0,20
289,Patson Daka,2.67,1.0,20
306,Jamie Vardy,3.38,5.0,20
316,Darwin Núñez Ribeiro,2.54,0.0,20
321,Cody Gakpo,4.22,6.0,20
351,Erling Haaland,4.9,13.0,20
352,Julián Álvarez,0.0283464756564884,0.0,20
375,Rasmus Højlund,2.995,2.0,20
389,Joshua Zirkzee,2.5300000000000002,1.0,20
401,Alexander Isak,7.8100000000000005,7.0,20
421,Callum Wilson,0.0283464756564884,0.0,20
424,Taiwo Awoniyi,0.24766666666666648,5.0,20
430,Emmanuel Dennis,0.0283464756564884,0.0,20
446,Hwang Ui-jo,0.0283464756564884,0.0,20
447,Chris Wood,4.43,8.0,20
453,Adam Armstrong,2.95,1.0,20
468,Sékou Mara,0.05406384900582806,0.0,20
470,Paul Onuachu,3.8899999999999997,1.0,20
473,Ross Stewart,0.05406384900582806,0.0,20
497,Richarlison de Andrade,0.03891380880668427,0.0,20
500,Dane Scarlett,0.05644458326966273,0.0,20
507,Alejo Véliz,0.05644458326966273,0.0,20
512,Michail Antonio,0.13936737377428754,0.0,20
523,Danny Ings,0.36236070381231666,1.0,20
539,Leon Chiwome,0.05644458326966273,0.0,20
541,Matheus Santos Carneiro Da Cunha,6.1899999999999995,0.0,20
545,Fábio Silva,0.05644458326966273,0.0,20
546,Nathan Fraser,0.05644458326966273,0.0,20
555,Saša Kalajdžić,0.05644458326966273,0.0,20
566,Jørgen Strand Larsen,3.035,2.0,20
589,Niclas Füllkrug,1.7800000000000002,5.0,20
590,William Osula,0.49742207792207704,0.0,20
609,Will Lankshear,0.05644458326966273,0.0,20
617,Francisco Evanilson de Lima Barbosa,2.95,2.0,20
648,Ethan Wheatley,0.13936737377428754,0.0,20
665,Nathan Butler-Oyedeji,0.06511016366263345,0.0,20
676,Zach Marsh,0.05644458326966273,0.0,20
698,Divin Mubama,0.0283464756564884,0.0,20
707,Remy Rees-Dottin,0.05644458326966273,0.0,20
709,Jayden Danns,0.06511016366263345,0.0,20
2,Gabriel Fernando de Jesus,6.630000000000001,0.0,21
4,Kai Havertz,3.1100000000000003,1.0,21
11,Eddie Nketiah,0.8719047619047622,1.0,21
27,Cameron Archer,1.3399999999999999,0.0,21
38,Jhon Durán,0.41999999999999993,0.0,21
58,Ollie Watkins,2.25,8.0,21
65,Enes Ünal,2.2,0.0,21
69,Daniel Jebbison,0.053774129769375456,1.0,21
82,Dominic Solanke-Mitchell,6.529999999999999,0.0,21
107,Igor Thiago Nascimento Rodrigues,0.020543130990415825,0.0,21
108,Ivan Toney,0.053774129769375456,0.0,21
110,Yoane Wissa,5.25,6.0,21
123,Evan Ferguson,0.053774129769375456,0.0,21
129,João Pedro Junqueira de Jesus,5.779999999999999,1.0,21
138,Mark O’Mahony,0.053774129769375456,0.0,21
143,Deniz Undav,0.053774129769375456,0.0,21
148,Danny Welbeck,6.8018195214465145,1.0,21
156,Armando Broja,1.8499999999999996,0.0,21
164,David Datro Fofana,0.026611102140447596,0.0,21
165,Deivid Washington de Souza Eugênio,0.026611102140447596,0.0,21
175,Romelu Lukaku Bolingoli,0.026611102140447596,0.0,21
178,Marc Guiu Paz,0.38071428571428534,0.0,21
180,Nicolas Jackson,4.53,4.0,21
198,Odsonne Edouard,0.05262747042009952,0.0,21
207,Jean-Philippe Mateta,5.210000000000001,8.0,21
218,Norberto Bercique Gomes Betuncal,1.0875000000000004,1.0,21
220,Dominic Calvert-Lewin,2.6500000000000004,2.0,21
229,Neal Maupay,0.053774129769375456,0.0,21
232,Iliman Ndiaye,3.55,2.0,21
237,Youssef Ramalho Chermiti,0.053774129769375456,0.0,21
251,Rodrigo Muniz Carvalho,1.7000000000000002,1.0,21
252,Raúl Jiménez,2.343333333333333,1.0,21
256,Jay Stansfield,0.053774129769375456,0.0,21
258,Carlos Vinícius Alves Morais,0.053774129769375456,0.0,21
260,Ali Al-Hamadi,1.2229444444444457,0.0,21
268,Liam Delap,4.15,1.0,21
272,George Hirst,0.04468597041581912,1.0,21
276,Freddie Ladapo,0.12051283073274943,0.0,21
286,Tom Cannon,0.05262747042009952,0.0,21
289,Patson Daka,0.9199999999999999,1.0,21
306,Jamie Vardy,4.13,2.0,21
316,Darwin Núñez Ribeiro,2.1799999999999997,0.0,21
321,Cody Gakpo,1.4800000000000004,2.0,21
351,Erling Haaland,8.66,2.0,21
352,Julián Álvarez,0.026611102140447596,0.0,21
375,Rasmus Højlund,6.6899999999999995,1.0,21
389,Joshua Zirkzee,3.5250000000000004,1.0,21
401,Alexander Isak,8.26,16.0,21
421,Callum Wilson,0.026611102140447596,0.0,21
424,Taiwo Awoniyi,2.413333333333334,1.0,21
430,Emmanuel Dennis,0.026611102140447596,0.0,21
446,Hwang Ui-jo,0.026611102140447596,0.0,21
447,Chris Wood,5.3100000000000005,9.0,21
453,Adam Armstrong,3.0,1.0,21
468,Sékou Mara,0.05262747042009952,0.0,21
470,Paul Onuachu,1.75,1.0,21
473,Ross Stewart,0.05262747042009952,0.0,21
497,Richarlison de Andrade,0.003793040293040395,1.0,21
500,Dane Scarlett,0.12051283073274943,0.0,21
507,Alejo Véliz,0.12051283073274943,0.0,21
512,Michail Antonio,0.12051283073274943,0.0,21
523,Danny Ings,2.6090238095238085,4.0,21
539,Leon Chiwome,0.053774129769375456,0.0,21
541,Matheus Santos Carneiro Da Cunha,3.8,1.0,21
545,Fábio Silva,0.053774129769375456,0.0,21
546,Nathan Fraser,0.053774129769375456,0.0,21
555,Saša Kalajdžić,0.053774129769375456,0.0,21
566,Jørgen Strand Larsen,3.04702380952381,2.0,21
589,Niclas Füllkrug,1.5999999999999996,0.0,21
590,William Osula,0.43422799422799363,1.0,21
609,Will Lankshear,0.12051283073274943,0.0,21
617,Francisco Evanilson de Lima Barbosa,3.5199999999999996,0.0,21
648,Ethan Wheatley,0.053774129769375456,0.0,21
665,Nathan Butler-Oyedeji,0.05166984078076142,0.0,21
676,Zach Marsh,0.053774129769375456,0.0,21
698,Divin Mubama,0.026611102140447596,0.0,21
707,Remy Rees-Dottin,0.053774129769375456,0.0,21
709,Jayden Danns,0.05166984078076142,0.0,21
722,Daniel Adu-Adjei,0.053774129769375456,0.0,21
724,Martin Sherif,0.053774129769375456,0.0,21
2,Gabriel Fernando de Jesus,5.76,0.0,22
4,Kai Havertz,2.96,7.0,22
11,Eddie Nketiah,1.647333333333333,4.0,22
27,Cameron Archer,1.0999999999999996,1.0,22
38,Jhon Durán,0.05230224273004991,1.0,22
58,Ollie Watkins,2.3200000000000003,8.0,22
65,Enes Ünal,3.0999999999999996,0.0,22
69,Daniel Jebbison,0.4419999999999993,0.0,22
82,Dominic Solanke-Mitchell,3.25,0.0,22
107,Igor Thiago Nascimento Rodrigues,0.010366492146596684,0.0,22
108,Ivan Toney,0.05230224273004991,0.0,22
110,Yoane Wissa,3.5199999999999996,2.0,22
123,Evan Ferguson,0.04998620703996037,0.0,22
129,João Pedro Junqueira de Jesus,3.5999999999999996,2.0,22
138,Mark O’Mahony,0.05230224273004991,0.0,22
143,Deniz Undav,0.05230224273004991,0.0,22
148,Danny Welbeck,1.7233333333333336,2.0,22
156,Armando Broja,3.096,0.0,22
164,David Datro Fofana,0.023570845171908772,0.0,22
165,Deivid Washington de Souza Eugênio,0.023570845171908772,0.0,22
175,Romelu Lukaku Bolingoli,0.023570845171908772,0.0,22
178,Marc Guiu Paz,0.13805555555555538,0.0,22
180,Nicolas Jackson,5.220000000000001,2.0,22
198,Odsonne Edouard,0.05165270000366151,0.0,22
207,Jean-Philippe Mateta,6.25,13.0,22
218,Norberto Bercique Gomes Betuncal,0.20333333333333314,0.0,22
220,Dominic Calvert-Lewin,3.49,5.0,22
229,Neal Maupay,0.05230224273004991,0.0,22
232,Iliman Ndiaye,4.06,7.0,22
237,Youssef Ramalho Chermiti,0.05230224273004991,0.0,22
251,Rodrigo Muniz Carvalho,1.9000000000000004,1.0,22
252,Raúl Jiménez,4.41,2.0,22
256,Jay Stansfield,0.05230224273004991,0.0,22
258,Carlos Vinícius Alves Morais,0.05230224273004991,0.0,22
260,Ali Al-Hamadi,1.7449166666666658,0.0,22
268,Liam Delap,2.74,2.0,22
272,George Hirst,1.5365238095238087,1.0,22
276,Freddie Ladapo,0.13358571289232524,0.0,22
286,Tom Cannon,0.05165270000366151,0.0,22
289,Patson Daka,3.8049999999999997,1.0,22
306,Jamie Vardy,2.2699999999999996,2.0,22
316,Darwin Núñez Ribeiro,2.1849999999999996,11.0,22
321,Cody Gakpo,4.08,2.0,22
351,Erling Haaland,6.74,6.0,22
352,Julián Álvarez,0.023570845171908772,0.0,22
375,Rasmus Højlund,3.526190476190476,1.0,22
389,Joshua Zirkzee,3.21,5.0,22
401,Alexander Isak,7.01,2.0,22
421,Callum Wilson,0.023570845171908772,0.0,22
424,Taiwo Awoniyi,0.5455000000000005,1.0,22
430,Emmanuel Dennis,0.023570845171908772,0.0,22
446,Hwang Ui-jo,0.023570845171908772,0.0,22
447,Chris Wood,6.039999999999999,12.0,22
453,Adam Armstrong,0.9199999999999999,1.0,22
468,Sékou Mara,0.05165270000366151,0.0,22
470,Paul Onuachu,0.9300000000000002,5.0,22
473,Ross Stewart,0.05165270000366151,0.0,22
497,Richarlison de Andrade,0.43745238095238115,5.0,22
500,Dane Scarlett,0.13358571289232524,0.0,22
507,Alejo Véliz,0.13358571289232524,0.0,22
512,Michail Antonio,0.13358571289232524,0.0,22
523,Danny Ings,1.5051666666666668,1.0,22
539,Leon Chiwome,0.05230224273004991,0.0,22
541,Matheus Santos Carneiro Da Cunha,4.08,2.0,22
545,Fábio Silva,0.05230224273004991,0.0,22
546,Nathan Fraser,0.05230224273004991,0.0,22
555,Saša Kalajdžić,0.05230224273004991,0.0,22
566,Jørgen Strand Larsen,2.310833333333334,2.0,22
589,Niclas Füllkrug,1.37,0.0,22
590,William Osula,0.27666666666666684,1.0,22
609,Will Lankshear,0.13358571289232524,0.0,22
617,Francisco Evanilson de Lima Barbosa,2.3200000000000003,0.0,22
648,Ethan Wheatley,0.05230224273004991,0.0,22
665,Nathan Butler-Oyedeji,0.04189327719898772,0.0,22
676,Zach Marsh,0.05230224273004991,0.0,22
698,Divin Mubama,0.023570845171908772,1.0,22
707,Remy Rees-Dottin,0.05230224273004991,1.0,22
709,Jayden Danns,0.04189327719898772,0.0,22
722,Daniel Adu-Adjei,0.05230224273004991,0.0,22
724,Martin Sherif,0.05230224273004991,0.0,22
2,Gabriel Fernando de Jesus,1.5999999999999996,0.0,23
4,Kai Havertz,4.81,2.0,23
11,Eddie Nketiah,2.92,1.0,23
27,Cameron Archer,1.58,1.0,23
38,Jhon Durán,0.08649999999999958,1.0,23
58,Ollie Watkins,3.6799999999999997,5.0,23
65,Enes Ünal,0.6611666666666669,0.0,23
69,Daniel Jebbison,1.6347619047619046,1.0,23
82,Dominic Solanke-Mitchell,4.17,0.0,23
107,Igor Thiago Nascimento Rodrigues,0.2799999999999998,0.0,23
108,Ivan Toney,0.05757683028298022,0.0,23
110,Yoane Wissa,6.23,2.0,23
123,Evan Ferguson,0.05720751210116193,0.0,23
129,João Pedro Junqueira de Jesus,5.109999999999999,1.0,23
138,Mark O’Mahony,0.05757683028298022,0.0,23
143,Deniz Undav,0.05757683028298022,0.0,23
148,Danny Welbeck,4.37,2.0,23
156,Armando Broja,0.9008333333333338,0.0,23
164,David Datro Fofana,0.05757683028298022,0.0,23
165,Deivid Washington de Souza Eugênio,0.05757683028298022,0.0,23
175,Romelu Lukaku Bolingoli,0.05757683028298022,0.0,23
178,Marc Guiu Paz,0.43349999999999955,0.0,23
180,Nicolas Jackson,5.359999999999999,5.0,23
198,Odsonne Edouard,0.04826672669934151,0.0,23
207,Jean-Philippe Mateta,8.37,2.0,23
218,Norberto Bercique Gomes Betuncal,0.5583333333333327,2.0,23
220,Dominic Calvert-Lewin,3.8899999999999997,1.0,23
229,Neal Maupay,0.05757683028298022,0.0,23
232,Iliman Ndiaye,4.74,8.0,23
237,Youssef Ramalho Chermiti,0.05757683028298022,0.0,23
251,Rodrigo Muniz Carvalho,1.0,1.0,23
252,Raúl Jiménez,3.79,2.0,23
256,Jay Stansfield,0.05757683028298022,0.0,23
258,Carlos Vinícius Alves Morais,0.05757683028298022,0.0,23
260,Ali Al-Hamadi,0.4369975408438598,0.0,23
268,Liam Delap,2.24,1.0,23
272,George Hirst,0.27,1.0,23
276,Freddie Ladapo,0.11800596468430413,0.0,23
286,Tom Cannon,0.04826672669934151,0.0,23
289,Patson Daka,1.4450000000000003,1.0,23
306,Jamie Vardy,3.2,9.0,23
316,Darwin Núñez Ribeiro,3.29,1.0,23
321,Cody Gakpo,7.029999999999999,16.0,23
351,Erling Haaland,3.5599999999999996,12.0,23
352,Julián Álvarez,0.030429894985922967,0.0,23
375,Rasmus Højlund,3.12,1.0,23
389,Joshua Zirkzee,3.4299999999999997,1.0,23
401,Alexander Isak,5.800000000000001,13.0,23
421,Callum Wilson,0.030429894985922967,0.0,23
424,Taiwo Awoniyi,0.08649999999999958,1.0,23
430,Emmanuel Dennis,0.030429894985922967,0.0,23
446,Hwang Ui-jo,0.030429894985922967,0.0,23
447,Chris Wood,3.5199999999999996,2.0,23
453,Adam Armstrong,1.6500000000000004,1.0,23
468,Sékou Mara,0.04826672669934151,0.0,23
470,Paul Onuachu,2.4000000000000004,2.0,23
473,Ross Stewart,0.04826672669934151,0.0,23
497,Richarlison de Andrade,1.29,5.0,23
500,Dane Scarlett,0.05757683028298022,0.0,23
507,Alejo Véliz,0.05757683028298022,0.0,23
512,Michail Antonio,0.11800596468430413,0.0,23
523,Danny Ings,0.8700000000000001,1.0,23
539,Leon Chiwome,0.05757683028298022,0.0,23
541,Matheus Santos Carneiro Da Cunha,1.62,2.0,23
545,Fábio Silva,0.05757683028298022,0.0,23
546,Nathan Fraser,0.05757683028298022,0.0,23
555,Saša Kalajdžić,0.05757683028298022,0.0,23
566,Jørgen Strand Larsen,3.21,1.0,23
589,Niclas Füllkrug,1.4299999999999997,0.0,23
590,William Osula,1.3566666666666665,0.0,23
609,Will Lankshear,0.05757683028298022,1.0,23
617,Francisco Evanilson de Lima Barbosa,1.466666666666666,0.0,23
648,Ethan Wheatley,0.11800596468430413,0.0,23
665,Nathan Butler-Oyedeji,0.050588987037359257,0.0,23
676,Zach Marsh,0.05757683028298022,0.0,23
698,Divin Mubama,1.1791666666666663,0.0,23
707,Remy Rees-Dottin,0.02833333333333332,0.0,23
709,Jayden Danns,0.050588987037359257,1.0,23
722,Daniel Adu-Adjei,0.05757683028298022,0.0,23
724,Martin Sherif,0.05757683028298022,0.0,23
755,Omar Marmoush,0.030429894985922967,2.0,23
2,Gabriel Fernando de Jesus,0.5649643216970581,0.0,24
4,Kai Havertz,7.93,12.0,24
11,Eddie Nketiah,2.2199999999999998,0.0,24
27,Cameron Archer,1.12,0.0,24
38,Jhon Durán,1.5266666666666673,0.0,24
58,Ollie Watkins,3.9299999999999997,1.0,24
65,Enes Ünal,0.34165426026045376,0.0,24
69,Daniel Jebbison,2.3291666666666675,1.0,24
82,Dominic Solanke-Mitchell,1.7699999999999996,0.0,24
107,Igor Thiago Nascimento Rodrigues,3.123437756984515,0.0,24
108,Ivan Toney,0.05693127851276758,0.0,24
110,Yoane Wissa,4.45,2.0,24
123,Evan Ferguson,0.056078276442374175,1.0,24
129,João Pedro Junqueira de Jesus,5.43,1.0,24
138,Mark O’Mahony,0.05693127851276758,0.0,24
143,Deniz Undav,0.05693127851276758,0.0,24
148,Danny Welbeck,4.27,1.0,24
156,Armando Broja,0.05693127851276758,0.0,24
164,David Datro Fofana,0.046658059048021894,0.0,24
165,Deivid Washington de Souza Eugênio,0.046658059048021894,0.0,24
175,Romelu Lukaku Bolingoli,0.046658059048021894,0.0,24
178,Marc Guiu Paz,0.046658059048021894,1.0,24
180,Nicolas Jackson,10.34,1.0,24
198,Odsonne Edouard,0.043996335601410586,0.0,24
207,Jean-Philippe Mateta,5.0,13.0,24
218,Norberto Bercique Gomes Betuncal,1.7699999999999996,13.0,24
220,Dominic Calvert-Lewin,3.0599999999999996,0.0,24
229,Neal Maupay,0.05693127851276758,0.0,24
232,Iliman Ndiaye,4.79,8.0,24
237,Youssef Ramalho Chermiti,0.05693127851276758,0.0,24
251,Rodrigo Muniz Carvalho,0.8999999999999999,8.0,24
252,Raúl Jiménez,2.5999999999999996,8.0,24
256,Jay Stansfield,0.05693127851276758,0.0,24
258,Carlos Vinícius Alves Morais,0.05693127851276758,0.0,24
260,Ali Al-Hamadi,0.12301858145397215,0.0,24
268,Liam Delap,7.130000000000001,9.0,24
272,George Hirst,1.601,1.0,24
276,Freddie Ladapo,0.12301858145397215,0.0,24
286,Tom Cannon,0.043996335601410586,0.0,24
289,Patson Daka,0.94,1.0,24
306,Jamie Vardy,4.01,1.0,24
316,Darwin Núñez Ribeiro,1.4433333333333334,1.0,24
321,Cody Gakpo,3.91,5.0,24
351,Erling Haaland,5.09,6.0,24
352,Julián Álvarez,0.046658059048021894,0.0,24
375,Rasmus Højlund,1.0499999999999998,1.0,24
389,Joshua Zirkzee,4.03,1.0,24
401,Alexander Isak,6.789999999999999,2.0,24
421,Callum Wilson,0.046658059048021894,0.0,24
424,Taiwo Awoniyi,1.1193333333333335,1.0,24
430,Emmanuel Dennis,0.046658059048021894,0.0,24
446,Hwang Ui-jo,0.046658059048021894,0.0,24
447,Chris Wood,7.77,17.0,24
453,Adam Armstrong,2.9400000000000004,0.0,24
468,Sékou Mara,0.043996335601410586,0.0,24
470,Paul Onuachu,3.5300000000000002,7.0,24
473,Ross Stewart,0.043996335601410586,0.0,24
497,Richarlison de Andrade,0.8500000000000001,2.0,24
500,Dane Scarlett,0.12301858145397215,1.0,24
507,Alejo Véliz,0.12301858145397215,0.0,24
512,Michail Antonio,0.12301858145397215,0.0,24
523,Danny Ings,0.96,1.0,24
539,Leon Chiwome,0.05693127851276758,0.0,24
541,Matheus Santos Carneiro Da Cunha,3.3533333333333326,7.0,24
545,Fábio Silva,0.05693127851276758,0.0,24
546,Nathan Fraser,0.05693127851276758,0.0,24
555,Saša Kalajdžić,0.05693127851276758,0.0,24
566,Jørgen Strand Larsen,3.354333333333334,0.0,24
589,Niclas Füllkrug,0.0,0.0,24
590,William Osula,0.41000000000000014,1.0,24
609,Will Lankshear,0.45014519638154127,0.0,24
617,Francisco Evanilson de Lima Barbosa,0.0229104378771261,0.0,24
648,Ethan Wheatley,0.05693127851276758,0.0,24
665,Nathan Butler-Oyedeji,0.08773517474080528,0.0,24
676,Zach Marsh,0.05693127851276758,0.0,24
698,Divin Mubama,0.5699999999999998,0.0,24
707,Remy Rees-Dottin,0.0019999999999997797,0.0,24
709,Jayden Danns,0.9100000000000001,0.0,24
722,Daniel Adu-Adjei,0.05693127851276758,0.0,24
724,Martin Sherif,0.05693127851276758,0.0,24
755,Omar Marmoush,0.08999999999999986,2.0,24
2,Gabriel Fernando de Jesus,0.2851130601483862,0.0,25
4,Kai Havertz,6.68,0.0,25
11,Eddie Nketiah,2.9400000000000004,1.0,25
27,Cameron Archer,1.0199999999999996,1.0,25
38,Jhon Durán,0.06083333333333352,0.0,25
58,Ollie Watkins,6.32,8.0,25
65,Enes Ünal,0.04454746057269077,0.0,25
69,Daniel Jebbison,1.125,1.0,25
82,Dominic Solanke-Mitchell,0.009999999999999787,0.0,25
107,Igor Thiago Nascimento Rodrigues,5.384171785250965,0.0,25
108,Ivan Toney,0.052949036774810665,0.0,25
110,Yoane Wissa,4.5,2.0,25
123,Evan Ferguson,0.7542857142857144,1.0,25
129,João Pedro Junqueira de Jesus,3.75,1.0,25
138,Mark O’Mahony,0.052949036774810665,0.0,25
143,Deniz Undav,0.052949036774810665,0.0,25
148,Danny Welbeck,2.930666666666667,8.0,25
156,Armando Broja,0.052949036774810665,0.0,25
164,David Datro Fofana,0.052949036774810665,0.0,25
165,Deivid Washington de Souza Eugênio,0.052949036774810665,0.0,25
175,Romelu Lukaku Bolingoli,0.052949036774810665,0.0,25
178,Marc Guiu Paz,0.7999999999999998,0.0,25
180,Nicolas Jackson,3.37,0.0,25
198,Odsonne Edouard,0.04342693893651095,0.0,25
207,Jean-Philippe Mateta,5.65,7.0,25
218,Norberto Bercique Gomes Betuncal,3.12,8.0,25
220,Dominic Calvert-Lewin,1.5999999999999996,0.0,25
229,Neal Maupay,0.052949036774810665,0.0,25
232,Iliman Ndiaye,5.35,0.0,25
237,Youssef Ramalho Chermiti,0.052949036774810665,0.0,25
251,Rodrigo Muniz Carvalho,2.0599999999999996,1.0,25
252,Raúl Jiménez,3.178,5.0,25
256,Jay Stansfield,0.052949036774810665,0.0,25
258,Carlos Vinícius Alves Morais,0.052949036774810665,0.0,25
260,Ali Al-Hamadi,0.12616474792418497,0.0,25
268,Liam Delap,1.25,8.0,25
272,George Hirst,0.9043333333333341,1.0,25
276,Freddie Ladapo,0.12616474792418497,0.0,25
286,Tom Cannon,0.04342693893651095,0.0,25
289,Patson Daka,0.7400000000000002,1.0,25
306,Jamie Vardy,2.33,2.0,25
316,Darwin Núñez Ribeiro,2.17,1.0,25
321,Cody Gakpo,5.8100000000000005,0.0,25
351,Erling Haaland,4.72,5.0,25
352,Julián Álvarez,0.0519334104784952,0.0,25
375,Rasmus Højlund,1.0499999999999998,2.0,25
389,Joshua Zirkzee,1.4100000000000001,2.0,25
401,Alexander Isak,9.5,2.0,25
421,Callum Wilson,0.0519334104784952,1.0,25
424,Taiwo Awoniyi,0.6356666666666659,0.0,25
430,Emmanuel Dennis,0.0519334104784952,0.0,25
446,Hwang Ui-jo,0.0519334104784952,0.0,25
447,Chris Wood,8.65,9.0,25
453,Adam Armstrong,1.2699999999999996,0.0,25
468,Sékou Mara,0.04342693893651095,0.0,25
470,Paul Onuachu,2.5199999999999996,5.0,25
473,Ross Stewart,0.04342693893651095,0.0,25
497,Richarlison de Andrade,3.3499999999999996,0.0,25
500,Dane Scarlett,0.35783333333333234,0.0,25
507,Alejo Véliz,0.052949036774810665,0.0,25
512,Michail Antonio,0.12616474792418497,0.0,25
523,Danny Ings,1.2800000000000002,0.0,25
539,Leon Chiwome,0.052949036774810665,0.0,25
541,Matheus Santos Carneiro Da Cunha,3.6100000000000003,9.0,25
545,Fábio Silva,0.052949036774810665,0.0,25
546,Nathan Fraser,0.052949036774810665,0.0,25
555,Saša Kalajdžić,0.052949036774810665,0.0,25
566,Jørgen Strand Larsen,1.7400000000000002,0.0,25
589,Niclas Füllkrug,0.0,0.0,25
590,William Osula,0.6946666666666665,0.0,25
609,Will Lankshear,0.004999999999999893,0.0,25
617,Francisco Evanilson de Lima Barbosa,0.006162022138452183,0.0,25
648,Ethan Wheatley,0.12616474792418497,0.0,25
665,Nathan Butler-Oyedeji,0.08163050807427563,0.0,25
676,Zach Marsh,0.052949036774810665,0.0,25
698,Divin Mubama,0.19166666666666643,0.0,25
707,Remy Rees-Dottin,0.004999999999999893,0.0,25
709,Jayden Danns,0.31999999999999984,0.0,25
722,Daniel Adu-Adjei,0.052949036774810665,0.0,25
724,Martin Sherif,0.052949036774810665,0.0,25
755,Omar Marmoush,4.97,17.0,25
776,Chido Obi-Martin,0.12616474792418497,1.0,25
2,Gabriel Fernando de Jesus,2.747429333902388,0.0,26
4,Kai Havertz,4.11,0.0,26
11,Eddie Nketiah,1.3600000000000003,0.0,26
27,Cameron Archer,2.4783333333333335,2.0,26
38,Jhon Durán,0.41433333333333344,0.0,26
58,Ollie Watkins,6.109999999999999,2.0,26
65,Enes Ünal,0.03802092065351115,0.0,26
69,Daniel Jebbison,0.8500000000000001,1.0,26
82,Dominic Solanke-Mitchell,0.040000000000000036,0.0,26
107,Igor Thiago Nascimento Rodrigues,2.1376003632524556,0.0,26
108,Ivan Toney,0.04882350104108335,0.0,26
110,Yoane Wissa,4.14,8.0,26
123,Evan Ferguson,0.8050000000000002,1.0,26
129,João Pedro Junqueira de Jesus,3.7199999999999998,12.0,26
138,Mark O’Mahony,0.04882350104108335,0.0,26
143,Deniz Undav,0.04882350104108335,0.0,26
148,Danny Welbeck,4.4,0.0,26
156,Armando Broja,0.04882350104108335,0.0,26
164,David Datro Fofana,0.04882350104108335,0.0,26
165,Deivid Washington de Souza Eugênio,0.04882350104108335,0.0,26
175,Romelu Lukaku Bolingoli,0.04882350104108335,0.0,26
178,Marc Guiu Paz,0.5446904761904756,0.0,26
180,Nicolas Jackson,1.17,0.0,26
198,Odsonne Edouard,0.041534698687070826,0.0,26
207,Jean-Philippe Mateta,3.55,5.0,26
218,Norberto Bercique Gomes Betuncal,5.220000000000001,6.0,26
220,Dominic Calvert-Lewin,3.0166666666666666,0.0,26
229,Neal Maupay,0.04882350104108335,0.0,26
232,Iliman Ndiaye,3.7,0.0,26
237,Youssef Ramalho Chermiti,0.04882350104108335,0.0,26
251,Rodrigo Muniz Carvalho,1.5499999999999998,1.0,26
252,Raúl Jiménez,3.9000000000000004,2.0,26
256,Jay Stansfield,0.04882350104108335,0.0,26
258,Carlos Vinícius Alves Morais,0.04882350104108335,0.0,26
260,Ali Al-Hamadi,0.1339855560051495,0.0,26
268,Liam Delap,2.8200000000000003,2.0,26
272,George Hirst,1.0026666666666664,1.0,26
276,Freddie Ladapo,0.1339855560051495,0.0,26
286,Tom Cannon,0.041534698687070826,0.0,26
289,Patson Daka,0.8519999999999999,0.0,26
306,Jamie Vardy,2.24,2.0,26
316,Darwin Núñez Ribeiro,1.8899999999999997,0.0,26
321,Cody Gakpo,5.640000000000001,1.0,26
351,Erling Haaland,4.89,0.0,26
352,Julián Álvarez,0.0520418961474558,0.0,26
375,Rasmus Højlund,3.0199999999999996,2.0,26
389,Joshua Zirkzee,2.91,2.0,26
401,Alexander Isak,4.46,13.0,26
421,Callum Wilson,0.6785595238095237,1.0,26
424,Taiwo Awoniyi,1.1662499999999998,0.0,26
430,Emmanuel Dennis,0.0520418961474558,0.0,26
446,Hwang Ui-jo,0.0520418961474558,0.0,26
447,Chris Wood,9.4,5.0,26
453,Adam Armstrong,0.9199999999999999,0.0,26
468,Sékou Mara,0.041534698687070826,0.0,26
470,Paul Onuachu,2.5700000000000003,1.0,26
473,Ross Stewart,0.041534698687070826,0.0,26
497,Richarlison de Andrade,2.41,0.0,26
500,Dane Scarlett,0.5306666666666668,4.0,26
507,Alejo Véliz,0.1339855560051495,0.0,26
512,Michail Antonio,0.1339855560051495,0.0,26
523,Danny Ings,0.9649999999999999,0.0,26
539,Leon Chiwome,0.04882350104108335,0.0,26
541,Matheus Santos Carneiro Da Cunha,5.449999999999999,9.0,26
545,Fábio Silva,0.04882350104108335,0.0,26
546,Nathan Fraser,0.04882350104108335,0.0,26
555,Saša Kalajdžić,0.04882350104108335,0.0,26
566,Jørgen Strand Larsen,1.397333333333333,1.0,26
589,Niclas Füllkrug,0.0,0.0,26
590,William Osula,0.3368333333333333,0.0,26
609,Will Lankshear,0.32308890577507654,0.0,26
617,Francisco Evanilson de Lima Barbosa,0.051671038163019656,0.0,26
648,Ethan Wheatley,0.1339855560051495,0.0,26
665,Nathan Butler-Oyedeji,0.0743026743421833,0.0,26
676,Zach Marsh,0.04882350104108335,0.0,26
698,Divin Mubama,0.0520418961474558,0.0,26
707,Remy Rees-Dottin,0.04882350104108335,0.0,26
709,Jayden Danns,0.10000000000000009,0.0,26
722,Daniel Adu-Adjei,0.04882350104108335,0.0,26
724,Martin Sherif,0.04882350104108335,0.0,26
755,Omar Marmoush,5.359999999999999,2.0,26
776,Chido Obi-Martin,0.32308890577507654,0.0,26
780,Iwan Morgan,0.04882350104108335,0.0,26
781,Shumaira Mheuka,0.04882350104108335,0.0,26
2,Gabriel Fernando de Jesus,0.9694511103453141,0.0,27
4,Kai Havertz,1.0,0.0,27
11,Eddie Nketiah,1.1113333333333335,6.0,27
27,Cameron Archer,1.0599999999999996,1.0,27
38,Jhon Durán,0.047277237539694816,0.0,27
58,Ollie Watkins,3.9299999999999997,5.0,27
65,Enes Ünal,0.03350061581826358,0.0,27
69,Daniel Jebbison,0.79,0.0,27
82,Dominic Solanke-Mitchell,0.0,0.0,27
107,Igor Thiago Nascimento Rodrigues,0.5292880397973727,0.0,27
108,Ivan Toney,0.047277237539694816,0.0,27
110,Yoane Wissa,4.49,9.0,27
123,Evan Ferguson,2.4749999999999996,1.0,27
129,João Pedro Junqueira de Jesus,7.470000000000001,8.0,27
138,Mark O’Mahony,0.047277237539694816,0.0,27
143,Deniz Undav,0.047277237539694816,0.0,27
148,Danny Welbeck,7.779999999999999,7.0,27
156,Armando Broja,0.047277237539694816,0.0,27
164,David Datro Fofana,0.0526533406410441,0.0,27
165,Deivid Washington de Souza Eugênio,0.0526533406410441,0.0,27
175,Romelu Lukaku Bolingoli,0.0526533406410441,0.0,27
178,Marc Guiu Paz,0.2523333333333331,0.0,27
180,Nicolas Jackson,2.71,0.0,27
198,Odsonne Edouard,0.040473798713758224,0.0,27
207,Jean-Philippe Mateta,2.3,8.0,27
218,Norberto Bercique Gomes Betuncal,3.75,2.0,27
220,Dominic Calvert-Lewin,0.98,0.0,27
229,Neal Maupay,0.047277237539694816,0.0,27
232,Iliman Ndiaye,1.6066666666666665,0.0,27
237,Youssef Ramalho Chermiti,0.047277237539694816,0.0,27
251,Rodrigo Muniz Carvalho,1.0633333333333335,9.0,27
252,Raúl Jiménez,2.63,1.0,27
256,Jay Stansfield,0.047277237539694816,0.0,27
258,Carlos Vinícius Alves Morais,0.047277237539694816,0.0,27
260,Ali Al-Hamadi,0.11213684927036294,0.0,27
268,Liam Delap,2.0599999999999996,1.0,27
272,George Hirst,1.0499999999999998,1.0,27
276,Freddie Ladapo,0.11213684927036294,0.0,27
286,Tom Cannon,0.040473798713758224,0.0,27
289,Patson Daka,2.0564999999999998,1.0,27
306,Jamie Vardy,2.42,2.0,27
316,Darwin Núñez Ribeiro,2.025833333333333,1.0,27
321,Cody Gakpo,1.9500000000000002,1.0,27
351,Erling Haaland,7.26,8.0,27
352,Julián Álvarez,0.0526533406410441,0.0,27
375,Rasmus Højlund,3.253333333333334,1.0,27
389,Joshua Zirkzee,3.55,1.0,27
401,Alexander Isak,5.42,0.0,27
421,Callum Wilson,0.7007857142857143,2.0,27
424,Taiwo Awoniyi,0.1067499999999999,1.0,27
430,Emmanuel Dennis,0.0526533406410441,0.0,27
446,Hwang Ui-jo,0.0526533406410441,0.0,27
447,Chris Wood,5.470000000000001,2.0,27
453,Adam Armstrong,0.7650086895374839,0.0,27
468,Sékou Mara,0.040473798713758224,0.0,27
470,Paul Onuachu,3.09,0.0,27
473,Ross Stewart,0.040473798713758224,0.0,27
497,Richarlison de Andrade,0.8799999999999999,0.0,27
500,Dane Scarlett,2.6500000000000004,0.0,27
507,Alejo Véliz,0.047277237539694816,0.0,27
512,Michail Antonio,0.11213684927036294,0.0,27
523,Danny Ings,2.3838968253968256,0.0,27
539,Leon Chiwome,0.047277237539694816,0.0,27
541,Matheus Santos Carneiro Da Cunha,3.71,2.0,27
545,Fábio Silva,0.047277237539694816,0.0,27
546,Nathan Fraser,0.047277237539694816,0.0,27
555,Saša Kalajdžić,0.047277237539694816,0.0,27
566,Jørgen Strand Larsen,1.7201666666666675,1.0,27
589,Niclas Füllkrug,0.0,0.0,27
590,William Osula,0.4848492063492058,1.0,27
609,Will Lankshear,0.047277237539694816,0.0,27
617,Francisco Evanilson de Lima Barbosa,0.06096222533359974,1.0,27
648,Ethan Wheatley,0.047277237539694816,0.0,27
665,Nathan Butler-Oyedeji,0.07923373513199472,0.0,27
676,Zach Marsh,0.047277237539694816,0.0,27
698,Divin Mubama,0.0526533406410441,0.0,27
707,Remy Rees-Dottin,0.047277237539694816,0.0,27
709,Jayden Danns,0.07923373513199472,0.0,27
722,Daniel Adu-Adjei,0.047277237539694816,0.0,27
724,Martin Sherif,0.047277237539694816,0.0,27
755,Omar Marmoush,3.62,2.0,27
776,Chido Obi-Martin,0.543333333333333,0.0,27
780,Iwan Morgan,0.047277237539694816,0.0,27
781,Shumaira Mheuka,0.0526533406410441,1.0,27
784,Mateus Mané,0.047277237539694816,0.0,27
2,Gabriel Fernando de Jesus,0.3133955372933479,0.0,28
4,Kai Havertz,0.3965317437192435,0.0,28
11,Eddie Nketiah,1.5300000000000002,2.0,28
27,Cameron Archer,1.0999999999999996,1.0,28
38,Jhon Durán,0.04865940133285296,0.0,28
58,Ollie Watkins,3.42,9.0,28
65,Enes Ünal,0.038606725067304115,0.0,28
69,Daniel Jebbison,0.5868333333333329,0.0,28
82,Dominic Solanke-Mitchell,0.020000000000000018,2.0,28
107,Igor Thiago Nascimento Rodrigues,0.04865940133285296,0.0,28
108,Ivan Toney,0.04865940133285296,0.0,28
110,Yoane Wissa,5.970000000000001,2.0,28
123,Evan Ferguson,2.9000000000000004,1.0,28
129,João Pedro Junqueira de Jesus,4.22,9.0,28
138,Mark O’Mahony,0.04865940133285296,0.0,28
143,Deniz Undav,0.04865940133285296,0.0,28
148,Danny Welbeck,1.2800000000000002,1.0,28
156,Armando Broja,0.04865940133285296,0.0,28
164,David Datro Fofana,0.05630492221408767,0.0,28
165,Deivid Washington de Souza Eugênio,0.05630492221408767,0.0,28
175,Romelu Lukaku Bolingoli,0.05630492221408767,0.0,28
178,Marc Guiu Paz,0.05630492221408767,0.0,28
180,Nicolas Jackson,0.2624993530382018,0.0,28
198,Odsonne Edouard,0.03490658814122982,0.0,28
207,Jean-Philippe Mateta,4.1,0.0,28
218,Norberto Bercique Gomes Betuncal,3.1995238095238108,2.0,28
220,Dominic Calvert-Lewin,0.1200000000000001,0.0,28
229,Neal Maupay,0.04865940133285296,0.0,28
232,Iliman Ndiaye,0.18000000000000016,0.0,28
237,Youssef Ramalho Chermiti,0.04865940133285296,0.0,28
251,Rodrigo Muniz Carvalho,2.09,1.0,28
252,Raúl Jiménez,3.87,8.0,28
256,Jay Stansfield,0.04865940133285296,0.0,28
258,Carlos Vinícius Alves Morais,0.04865940133285296,0.0,28
260,Ali Al-Hamadi,0.12060287603333242,0.0,28
268,Liam Delap,2.12,2.0,28
272,George Hirst,2.3981666666666657,1.0,28
276,Freddie Ladapo,0.12060287603333242,0.0,28
286,Tom Cannon,0.03490658814122982,0.0,28
289,Patson Daka,0.9533333333333331,2.0,28
306,Jamie Vardy,4.21,2.0,28
316,Darwin Núñez Ribeiro,3.5650000000000004,10.0,28
321,Cody Gakpo,2.934285714285714,0.0,28
351,Erling Haaland,6.51,2.0,28
352,Julián Álvarez,0.05630492221408767,0.0,28
375,Rasmus Højlund,1.8563333333333336,1.0,28
389,Joshua Zirkzee,5.16,2.0,28
401,Alexander Isak,5.02,2.0,28
421,Callum Wilson,2.45,1.0,28
424,Taiwo Awoniyi,0.8463333333333325,1.0,28
430,Emmanuel Dennis,0.05630492221408767,0.0,28
446,Hwang Ui-jo,0.05630492221408767,0.0,28
447,Chris Wood,7.550000000000001,2.0,28
453,Adam Armstrong,0.13995851921117541,0.0,28
468,Sékou Mara,0.03490658814122982,0.0,28
470,Paul Onuachu,3.16,0.0,28
473,Ross Stewart,0.03490658814122982,0.0,28
497,Richarlison de Andrade,0.029999999999999805,0.0,28
500,Dane Scarlett,1.6900000000000004,0.0,28
507,Alejo Véliz,0.04865940133285296,0.0,28
512,Michail Antonio,0.12060287603333242,0.0,28
523,Danny Ings,0.0,1.0,28
539,Leon Chiwome,0.04865940133285296,0.0,28
541,Matheus Santos Carneiro Da Cunha,3.2800000000000002,0.0,28
545,Fábio Silva,0.04865940133285296,0.0,28
546,Nathan Fraser,0.04865940133285296,0.0,28
555,Saša Kalajdžić,0.04865940133285296,0.0,28
566,Jørgen Strand Larsen,1.1399999999999997,1.0,28
589,Niclas Füllkrug,0.029583333333333517,0.0,28
590,William Osula,1.1933809523809522,0.0,28
609,Will Lankshear,0.04865940133285296,0.0,28
617,Francisco Evanilson de Lima Barbosa,1.0099999999999998,8.0,28
648,Ethan Wheatley,0.04865940133285296,0.0,28
665,Nathan Butler-Oyedeji,0.07676461275071311,0.0,28
676,Zach Marsh,0.04865940133285296,0.0,28
698,Divin Mubama,0.05630492221408767,0.0,28
707,Remy Rees-Dottin,0.04865940133285296,0.0,28
709,Jayden Danns,0.07676461275071311,0.0,28
722,Daniel Adu-Adjei,0.04865940133285296,0.0,28
724,Martin Sherif,0.04865940133285296,0.0,28
755,Omar Marmoush,2.4400000000000004,1.0,28
776,Chido Obi-Martin,0.20833333333333393,0.0,28
780,Iwan Morgan,0.04865940133285296,0.0,28
781,Shumaira Mheuka,0.5089458874458885,0.0,28
784,Mateus Mané,0.04865940133285296,0.0,28
789,Sean Neave,0.05630492221408767,0.0,28
2,Gabriel Fernando de Jesus,0.09049246657652477,0.0,29
4,Kai Havertz,0.04580510185764064,0.0,29
27,Cameron Archer,1.5999999999999996,1.0,29
65,Enes Ünal,0.03146346621939289,0.0,29
69,Daniel Jebbison,0.22999999999999998,1.0,29
82,Dominic Solanke-Mitchell,1.1900000000000004,2.0,29
107,Igor Thiago Nascimento Rodrigues,0.06708812509656115,0.0,29
108,Ivan Toney,0.04817669878511577,0.0,29
110,Yoane Wissa,6.67,8.0,29
123,Evan Ferguson,1.9850000000000003,1.0,29
129,João Pedro Junqueira de Jesus,3.6799999999999997,1.0,29
138,Mark O’Mahony,0.04817669878511577,0.0,29
143,Deniz Undav,0.04817669878511577,0.0,29
148,Danny Welbeck,1.29,1.0,29
156,Armando Broja,0.04817669878511577,1.0,29
164,David Datro Fofana,0.04817669878511577,0.0,29
165,Deivid Washington de Souza Eugênio,0.04817669878511577,0.0,29
175,Romelu Lukaku Bolingoli,0.04817669878511577,0.0,29
178,Marc Guiu Paz,0.04817669878511577,0.0,29
180,Nicolas Jackson,0.1299999999999999,0.0,29
198,Odsonne Edouard,0.036136753765865226,0.0,29
218,Norberto Bercique Gomes Betuncal,4.36,2.0,29
220,Dominic Calvert-Lewin,0.029999999999999805,0.0,29
229,Neal Maupay,0.04817669878511577,0.0,29
232,Iliman Ndiaye,0.020000000000000018,0.0,29
237,Youssef Ramalho Chermiti,0.04817669878511577,0.0,29
251,Rodrigo Muniz Carvalho,0.8900000000000001,7.0,29
252,Raúl Jiménez,3.6399999999999997,2.0,29
256,Jay Stansfield,0.04817669878511577,0.0,29
258,Carlos Vinícius Alves Morais,0.04817669878511577,0.0,29
260,Ali Al-Hamadi,0.109125885655875,0.0,29
268,Liam Delap,3.3200000000000003,2.0,29
272,George Hirst,1.3083333333333336,5.0,29
276,Freddie Ladapo,0.109125885655875,0.0,29
286,Tom Cannon,0.036136753765865226,0.0,29
289,Patson Daka,3.131666666666666,2.0,29
306,Jamie Vardy,3.9800000000000004,2.0,29
351,Erling Haaland,4.81,7.0,29
352,Julián Álvarez,0.05242956328415049,0.0,29
375,Rasmus Højlund,3.8200000000000003,7.0,29
389,Joshua Zirkzee,4.53,1.0,29
424,Taiwo Awoniyi,0.6885000000000003,1.0,29
430,Emmanuel Dennis,0.05242956328415049,0.0,29
446,Hwang Ui-jo,0.05242956328415049,0.0,29
447,Chris Wood,6.119999999999999,2.0,29
453,Adam Armstrong,0.3255955107658197,0.0,29
468,Sékou Mara,0.036136753765865226,0.0,29
470,Paul Onuachu,2.0599999999999996,7.0,29
473,Ross Stewart,0.036136753765865226,0.0,29
497,Richarlison de Andrade,0.2186887210767101,0.0,29
500,Dane Scarlett,0.81,1.0,29
507,Alejo Véliz,0.109125885655875,0.0,29
512,Michail Antonio,0.109125885655875,0.0,29
523,Danny Ings,1.895833333333333,0.0,29
539,Leon Chiwome,0.04817669878511577,0.0,29
541,Matheus Santos Carneiro Da Cunha,3.79,0.0,29
545,Fábio Silva,0.04817669878511577,0.0,29
546,Nathan Fraser,0.04817669878511577,0.0,29
555,Saša Kalajdžić,0.04817669878511577,0.0,29
566,Jørgen Strand Larsen,2.34,13.0,29
589,Niclas Füllkrug,0.4411666666666667,0.0,29
609,Will Lankshear,0.109125885655875,0.0,29
617,Francisco Evanilson de Lima Barbosa,4.3566666666666665,2.0,29
648,Ethan Wheatley,0.109125885655875,0.0,29
665,Nathan Butler-Oyedeji,0.06833230503177523,0.0,29
698,Divin Mubama,0.05242956328415049,0.0,29
707,Remy Rees-Dottin,0.04817669878511577,0.0,29
722,Daniel Adu-Adjei,0.04817669878511577,0.0,29
724,Martin Sherif,0.04817669878511577,0.0,29
755,Omar Marmoush,3.87,12.0,29
776,Chido Obi-Martin,0.5750000000000002,1.0,29
780,Iwan Morgan,0.04817669878511577,0.0,29
781,Shumaira Mheuka,0.0,0.0,29
784,Mateus Mané,0.04817669878511577,0.0,29
2,Gabriel Fernando de Jesus,0.1714263254091435,0.0,30
4,Kai Havertz,0.0454105222734249,0.0,30
11,Eddie Nketiah,1.3099999999999996,1.0,30
27,Cameron Archer,0.9900000000000002,1.0,30
38,Jhon Durán,0.048202283949089875,0.0,30
58,Ollie Watkins,3.79,0.0,30
65,Enes Ünal,0.02859523437440714,0.0,30
69,Daniel Jebbison,0.6499999999999999,1.0,30
82,Dominic Solanke-Mitchell,5.279999999999999,2.0,30
107,Igor Thiago Nascimento Rodrigues,0.09170810285495756,0.0,30
108,Ivan Toney,0.048202283949089875,0.0,30
110,Yoane Wissa,6.699999999999999,5.0,30
123,Evan Ferguson,2.0599999999999996,1.0,30
129,João Pedro Junqueira de Jesus,4.47,2.0,30
138,Mark O’Mahony,0.048202283949089875,0.0,30
143,Deniz Undav,0.048202283949089875,0.0,30
148,Danny Welbeck,3.67,0.0,30
156,Armando Broja,0.5294523809523817,1.0,30
164,David Datro Fofana,0.05155730532296854,0.0,30
165,Deivid Washington de Souza Eugênio,0.05155730532296854,0.0,30
175,Romelu Lukaku Bolingoli,0.05155730532296854,0.0,30
178,Marc Guiu Paz,0.05155730532296854,0.0,30
180,Nicolas Jackson,0.09269706895533192,1.0,30
198,Odsonne Edouard,0.03754037749524519,0.0,30
207,Jean-Philippe Mateta,2.92,1.0,30
218,Norberto Bercique Gomes Betuncal,5.039999999999999,1.0,30
220,Dominic Calvert-Lewin,0.040000000000000036,0.0,30
229,Neal Maupay,0.048202283949089875,0.0,30
232,Iliman Ndiaye,0.009999999999999787,1.0,30
237,Youssef Ramalho Chermiti,0.17199999999999926,1.0,30
251,Rodrigo Muniz Carvalho,3.7,5.0,30
252,Raúl Jiménez,2.3200000000000003,2.0,30
256,Jay Stansfield,0.048202283949089875,0.0,30
258,Carlos Vinícius Alves Morais,0.048202283949089875,0.0,30
260,Ali Al-Hamadi,0.10883242175744279,0.0,30
268,Liam Delap,2.38,9.0,30
272,George Hirst,2.4000000000000004,1.0,30
276,Freddie Ladapo,0.10883242175744279,0.0,30
286,Tom Cannon,0.03754037749524519,0.0,30
289,Patson Daka,2.21,2.0,30
306,Jamie Vardy,2.59,0.0,30
316,Darwin Núñez Ribeiro,2.2,0.0,30
321,Cody Gakpo,3.96,1.0,30
351,Erling Haaland,6.34,0.0,30
352,Julián Álvarez,0.05155730532296854,0.0,30
375,Rasmus Højlund,3.71,1.0,30
389,Joshua Zirkzee,3.84,2.0,30
401,Alexander Isak,2.0300000000000002,8.0,30
421,Callum Wilson,0.8900000000000001,1.0,30
424,Taiwo Awoniyi,2.346,2.0,30
430,Emmanuel Dennis,0.05155730532296854,0.0,30
446,Hwang Ui-jo,0.05155730532296854,0.0,30
447,Chris Wood,5.09,0.0,30
453,Adam Armstrong,0.35674131407090437,0.0,30
468,Sékou Mara,0.03754037749524519,0.0,30
470,Paul Onuachu,2.3899999999999997,7.0,30
473,Ross Stewart,0.03754037749524519,0.0,30
497,Richarlison de Andrade,0.3922722185919447,0.0,30
500,Dane Scarlett,4.614666666666666,0.0,30
507,Alejo Véliz,0.10883242175744279,0.0,30
512,Michail Antonio,0.10883242175744279,0.0,30
523,Danny Ings,1.3717857142857142,0.0,30
539,Leon Chiwome,0.048202283949089875,0.0,30
541,Matheus Santos Carneiro Da Cunha,2.086666666666667,0.0,30
545,Fábio Silva,0.048202283949089875,0.0,30
546,Nathan Fraser,0.048202283949089875,0.0,30
555,Saša Kalajdžić,0.048202283949089875,0.0,30
566,Jørgen Strand Larsen,2.88,9.0,30
589,Niclas Füllkrug,0.71,0.0,30
590,William Osula,1.232333333333333,0.0,30
609,Will Lankshear,0.10883242175744279,0.0,30
617,Francisco Evanilson de Lima Barbosa,1.8099999999999996,8.0,30
648,Ethan Wheatley,0.10883242175744279,0.0,30
665,Nathan Butler-Oyedeji,0.06581704839983082,0.0,30
676,Zach Marsh,0.048202283949089875,0.0,30
698,Divin Mubama,0.05155730532296854,0.0,30
707,Remy Rees-Dottin,0.048202283949089875,0.0,30
709,Jayden Danns,0.06581704839983082,0.0,30
722,Daniel Adu-Adjei,0.048202283949089875,0.0,30
724,Martin Sherif,0.048202283949089875,0.0,30
755,Omar Marmoush,6.119999999999999,9.0,30
776,Chido Obi-Martin,4.769999999999999,0.0,30
780,Iwan Morgan,0.048202283949089875,0.0,30
781,Shumaira Mheuka,0.41545779220779266,0.0,30
784,Mateus Mané,0.048202283949089875,0.0,30
789,Sean Neave,0.05155730532296854,0.0,30
2,Gabriel Fernando de Jesus,0.1900858134985448,0.0,31
4,Kai Havertz,0.2874140405790433,0.0,31
11,Eddie Nketiah,2.0300000000000002,-2.0,31
27,Cameron Archer,0.6238333333333332,2.0,31
38,Jhon Durán,0.0495256901839074,0.0,31
58,Ollie Watkins,0.69,2.0,31
65,Enes Ünal,0.03319323147126951,0.0,31
69,Daniel Jebbison,3.2766666666666664,1.0,31
82,Dominic Solanke-Mitchell,3.2800000000000002,2.0,31
107,Igor Thiago Nascimento Rodrigues,0.04253975124214415,0.0,31
108,Ivan Toney,0.043986171327424106,0.0,31
110,Yoane Wissa,4.03,2.0,31
123,Evan Ferguson,1.46,0.0,31
129,João Pedro Junqueira de Jesus,3.29,1.0,31
138,Mark O’Mahony,0.043986171327424106,0.0,31
143,Deniz Undav,0.043986171327424106,0.0,31
148,Danny Welbeck,1.4900000000000002,9.0,31
156,Armando Broja,0.69,1.0,31
164,David Datro Fofana,0.043986171327424106,0.0,31
165,Deivid Washington de Souza Eugênio,0.043986171327424106,0.0,31
175,Romelu Lukaku Bolingoli,0.043986171327424106,0.0,31
178,Marc Guiu Paz,0.043986171327424106,0.0,31
180,Nicolas Jackson,0.73,1.0,31
198,Odsonne Edouard,0.03534955902043713,0.0,31
207,Jean-Philippe Mateta,2.71,8.0,31
218,Norberto Bercique Gomes Betuncal,2.8200000000000003,2.0,31
220,Dominic Calvert-Lewin,0.06999999999999984,0.0,31
229,Neal Maupay,0.043986171327424106,0.0,31
232,Iliman Ndiaye,0.6200000000000001,9.0,31
237,Youssef Ramalho Chermiti,0.6886666666666668,0.0,31
251,Rodrigo Muniz Carvalho,2.1100000000000003,7.0,31
252,Raúl Jiménez,3.2199999999999998,1.0,31
256,Jay Stansfield,0.043986171327424106,0.0,31
258,Carlos Vinícius Alves Morais,0.043986171327424106,0.0,31
260,Ali Al-Hamadi,0.10374780680343854,0.0,31
268,Liam Delap,3.6799999999999997,8.0,31
272,George Hirst,2.7329761904761902,1.0,31
276,Freddie Ladapo,0.10374780680343854,0.0,31
286,Tom Cannon,0.03534955902043713,0.0,31
289,Patson Daka,2.76,1.0,31
306,Jamie Vardy,3.66,2.0,31
316,Darwin Núñez Ribeiro,1.42,1.0,31
321,Cody Gakpo,1.9375,1.0,31
351,Erling Haaland,5.619999999999999,0.0,31
352,Julián Álvarez,0.0495256901839074,0.0,31
375,Rasmus Højlund,5.539999999999999,2.0,31
389,Joshua Zirkzee,2.6100000000000003,1.0,31
401,Alexander Isak,5.470000000000001,2.0,31
421,Callum Wilson,2.58,1.0,31
424,Taiwo Awoniyi,1.964714285714285,0.0,31
430,Emmanuel Dennis,0.0495256901839074,0.0,31
446,Hwang Ui-jo,0.0495256901839074,0.0,31
447,Chris Wood,5.74,0.0,31
453,Adam Armstrong,0.3777186721381569,0.0,31
468,Sékou Mara,0.03534955902043713,0.0,31
470,Paul Onuachu,3.8899999999999997,1.0,31
473,Ross Stewart,0.03534955902043713,1.0,31
497,Richarlison de Andrade,1.0099999999999998,0.0,31
500,Dane Scarlett,1.439333333333333,0.0,31
507,Alejo Véliz,0.043986171327424106,0.0,31
512,Michail Antonio,0.10374780680343854,0.0,31
523,Danny Ings,1.354166666666667,0.0,31
539,Leon Chiwome,0.043986171327424106,0.0,31
541,Matheus Santos Carneiro Da Cunha,0.43999999999999995,0.0,31
545,Fábio Silva,0.043986171327424106,0.0,31
546,Nathan Fraser,0.043986171327424106,0.0,31
555,Saša Kalajdžić,0.043986171327424106,0.0,31
566,Jørgen Strand Larsen,5.119999999999999,6.0,31
589,Niclas Füllkrug,1.7149999999999999,7.0,31
590,William Osula,0.7039347990979046,1.0,31
609,Will Lankshear,0.043986171327424106,0.0,31
617,Francisco Evanilson de Lima Barbosa,4.6,13.0,31
648,Ethan Wheatley,0.043986171327424106,0.0,31
665,Nathan Butler-Oyedeji,0.053182105724487005,0.0,31
676,Zach Marsh,0.043986171327424106,0.0,31
698,Divin Mubama,0.0495256901839074,0.0,31
707,Remy Rees-Dottin,0.043986171327424106,0.0,31
709,Jayden Danns,0.053182105724487005,0.0,31
722,Daniel Adu-Adjei,0.043986171327424106,0.0,31
724,Martin Sherif,0.043986171327424106,0.0,31
755,Omar Marmoush,6.5,2.0,31
776,Chido Obi-Martin,0.4859999999999989,0.0,31
780,Iwan Morgan,0.043986171327424106,0.0,31
781,Shumaira Mheuka,0.043986171327424106,0.0,31
784,Mateus Mané,0.043986171327424106,0.0,31
789,Sean Neave,0.0495256901839074,0.0,31
2,Gabriel Fernando de Jesus,0.16000000000000014,0.0,32
4,Kai Havertz,0.06999999999999984,0.0,32
11,Eddie Nketiah,2.09,0.0,32
27,Cameron Archer,5.324000000000002,2.0,32
38,Jhon Durán,0.05092218802386084,0.0,32
58,Ollie Watkins,1.8899999999999997,7.0,32
65,Enes Ünal,0.0019525356059419963,0.0,32
69,Daniel Jebbison,1.3767765151515157,0.0,32
82,Dominic Solanke-Mitchell,3.46,2.0,32
107,Igor Thiago Nascimento Rodrigues,0.1357361306975884,0.0,32
108,Ivan Toney,0.05092218802386084,0.0,32
110,Yoane Wissa,5.210000000000001,9.0,32
123,Evan Ferguson,2.09,0.0,32
129,João Pedro Junqueira de Jesus,4.32,13.0,32
138,Mark O’Mahony,0.05092218802386084,0.0,32
143,Deniz Undav,0.05092218802386084,0.0,32
148,Danny Welbeck,1.0599999999999996,2.0,32
156,Armando Broja,0.24644444444444513,2.0,32
164,David Datro Fofana,0.05092218802386084,0.0,32
165,Deivid Washington de Souza Eugênio,0.05092218802386084,0.0,32
175,Romelu Lukaku Bolingoli,0.05092218802386084,0.0,32
178,Marc Guiu Paz,0.05092218802386084,0.0,32
180,Nicolas Jackson,1.3499999999999996,1.0,32
198,Odsonne Edouard,0.05092218802386084,0.0,32
207,Jean-Philippe Mateta,1.2000000000000002,1.0,32
218,Norberto Bercique Gomes Betuncal,3.7166666666666677,1.0,32
220,Dominic Calvert-Lewin,0.040000000000000036,0.0,32
229,Neal Maupay,0.05092218802386084,0.0,32
232,Iliman Ndiaye,1.54,2.0,32
237,Youssef Ramalho Chermiti,0.28283333333333305,0.0,32
251,Rodrigo Muniz Carvalho,1.4400000000000004,1.0,32
252,Raúl Jiménez,2.58,1.0,32
256,Jay Stansfield,0.05092218802386084,0.0,32
258,Carlos Vinícius Alves Morais,0.05092218802386084,0.0,32
260,Ali Al-Hamadi,0.05092218802386084,0.0,32
268,Liam Delap,4.788333333333334,1.0,32
272,George Hirst,2.002416666666666,2.0,32
276,Freddie Ladapo,0.05092218802386084,0.0,32
286,Tom Cannon,0.05092218802386084,0.0,32
289,Patson Daka,4.38,1.0,32
306,Jamie Vardy,3.3099999999999996,2.0,32
316,Darwin Núñez Ribeiro,2.0,0.0,32
321,Cody Gakpo,5.300000000000001,1.0,32
351,Erling Haaland,1.37,0.0,32
352,Julián Álvarez,0.05092218802386084,0.0,32
375,Rasmus Højlund,2.213333333333334,1.0,32
389,Joshua Zirkzee,1.5,1.0,32
401,Alexander Isak,5.17,5.0,32
421,Callum Wilson,1.92,1.0,32
424,Taiwo Awoniyi,4.778166666666667,0.0,32
430,Emmanuel Dennis,0.05092218802386084,0.0,32
446,Hwang Ui-jo,0.05092218802386084,0.0,32
447,Chris Wood,2.1100000000000003,2.0,32
453,Adam Armstrong,0.3700000000000001,0.0,32
468,Sékou Mara,0.05092218802386084,0.0,32
470,Paul Onuachu,3.2,1.0,32
473,Ross Stewart,0.4318006993006991,1.0,32
497,Richarlison de Andrade,0.10050049067713429,5.0,32
500,Dane Scarlett,0.7281666666666671,0.0,32
507,Alejo Véliz,0.05092218802386084,0.0,32
512,Michail Antonio,0.05092218802386084,0.0,32
523,Danny Ings,0.26749999999999874,0.0,32
539,Leon Chiwome,0.05092218802386084,0.0,32
541,Matheus Santos Carneiro Da Cunha,0.2400000000000002,7.0,32
545,Fábio Silva,0.05092218802386084,0.0,32
546,Nathan Fraser,0.05092218802386084,0.0,32
555,Saša Kalajdžić,0.05092218802386084,0.0,32
566,Jørgen Strand Larsen,6.630000000000001,6.0,32
589,Niclas Füllkrug,1.7400000000000002,1.0,32
590,William Osula,4.2364999999999995,0.0,32
609,Will Lankshear,0.05092218802386084,0.0,32
617,Francisco Evanilson de Lima Barbosa,4.8115,2.0,32
648,Ethan Wheatley,0.05092218802386084,0.0,32
665,Nathan Butler-Oyedeji,0.05092218802386084,0.0,32
676,Zach Marsh,0.05092218802386084,0.0,32
698,Divin Mubama,0.05092218802386084,0.0,32
707,Remy Rees-Dottin,0.05092218802386084,0.0,32
709,Jayden Danns,0.05092218802386084,0.0,32
722,Daniel Adu-Adjei,0.05092218802386084,0.0,32
724,Martin Sherif,0.05092218802386084,0.0,32
755,Omar Marmoush,3.63,7.0,32
776,Chido Obi-Martin,2.349738095238096,0.0,32
780,Iwan Morgan,0.05092218802386084,0.0,32
781,Shumaira Mheuka,0.05092218802386084,0.0,32
784,Mateus Mané,0.05092218802386084,0.0,32
789,Sean Neave,0.05092218802386084,0.0,32
798,Jay Robinson,0.05092218802386084,1.0,32
2,Gabriel Fernando de Jesus,0.04999999999999982,0.0,33
4,Kai Havertz,0.10000000000000009,0.0,33
11,Eddie Nketiah,1.435833333333333,1.0,33
27,Cameron Archer,4.731222222222222,1.0,33
38,Jhon Durán,0.05033567630840885,0.0,33
58,Ollie Watkins,1.62,12.0,33
65,Enes Ünal,0.0012583412139024475,0.0,33
69,Daniel Jebbison,1.0402499999999995,0.0,33
82,Dominic Solanke-Mitchell,5.24,1.0,33
107,Igor Thiago Nascimento Rodrigues,0.04944813345920274,0.0,33
108,Ivan Toney,0.05033567630840885,0.0,33
110,Yoane Wissa,3.13,11.0,33
123,Evan Ferguson,2.54,1.0,33
129,João Pedro Junqueira de Jesus,6.225,-1.0,33
138,Mark O’Mahony,0.05033567630840885,0.0,33
143,Deniz Undav,0.05033567630840885,0.0,33
148,Danny Welbeck,2.0,5.0,33
156,Armando Broja,2.314,2.0,33
164,David Datro Fofana,0.05033567630840885,0.0,33
165,Deivid Washington de Souza Eugênio,0.05033567630840885,0.0,33
175,Romelu Lukaku Bolingoli,0.05033567630840885,0.0,33
178,Marc Guiu Paz,0.05033567630840885,0.0,33
180,Nicolas Jackson,3.3616666666666664,2.0,33
198,Odsonne Edouard,0.05033567630840885,0.0,33
207,Jean-Philippe Mateta,2.67,2.0,33
218,Norberto Bercique Gomes Betuncal,2.9000000000000004,1.0,33
220,Dominic Calvert-Lewin,0.2799999999999998,0.0,33
229,Neal Maupay,0.05033567630840885,0.0,33
232,Iliman Ndiaye,3.95,2.0,33
237,Youssef Ramalho Chermiti,0.4466666666666663,0.0,33
251,Rodrigo Muniz Carvalho,4.195,0.0,33
252,Raúl Jiménez,1.4800000000000004,2.0,33
256,Jay Stansfield,0.05033567630840885,0.0,33
258,Carlos Vinícius Alves Morais,0.05033567630840885,1.0,33
260,Ali Al-Hamadi,0.05033567630840885,0.0,33
268,Liam Delap,4.07,1.0,33
272,George Hirst,1.0039999999999996,2.0,33
276,Freddie Ladapo,0.05033567630840885,0.0,33
286,Tom Cannon,0.05033567630840885,0.0,33
289,Patson Daka,3.1799999999999997,1.0,33
306,Jamie Vardy,3.5599999999999996,2.0,33
316,Darwin Núñez Ribeiro,3.1269444444444447,0.0,33
321,Cody Gakpo,1.6399999999999997,1.0,33
351,Erling Haaland,0.16999999999999993,0.0,33
352,Julián Álvarez,0.05033567630840885,0.0,33
375,Rasmus Højlund,4.5865,2.0,33
389,Joshua Zirkzee,4.0,0.0,33
401,Alexander Isak,3.62,2.0,33
421,Callum Wilson,0.6499999999999999,1.0,33
424,Taiwo Awoniyi,4.655809523809524,1.0,33
430,Emmanuel Dennis,0.05033567630840885,0.0,33
446,Hwang Ui-jo,0.05033567630840885,0.0,33
447,Chris Wood,1.4100000000000001,8.0,33
453,Adam Armstrong,0.0,0.0,33
468,Sékou Mara,0.05033567630840885,0.0,33
470,Paul Onuachu,3.54,1.0,33
473,Ross Stewart,0.7113333333333332,1.0,33
497,Richarlison de Andrade,2.5435952380952367,6.0,33
500,Dane Scarlett,0.009999999999999787,0.0,33
507,Alejo Véliz,0.05033567630840885,0.0,33
512,Michail Antonio,0.05033567630840885,0.0,33
523,Danny Ings,0.4491666666666676,0.0,33
539,Leon Chiwome,0.05033567630840885,0.0,33
541,Matheus Santos Carneiro Da Cunha,1.2584999999999997,8.0,33
545,Fábio Silva,0.05033567630840885,0.0,33
546,Nathan Fraser,0.05033567630840885,0.0,33
555,Saša Kalajdžić,0.05033567630840885,0.0,33
566,Jørgen Strand Larsen,4.07,2.0,33
589,Niclas Füllkrug,1.769166666666666,5.0,33
590,William Osula,1.295,0.0,33
609,Will Lankshear,0.05033567630840885,0.0,33
617,Francisco Evanilson de Lima Barbosa,3.251309523809523,2.0,33
648,Ethan Wheatley,0.05033567630840885,0.0,33
665,Nathan Butler-Oyedeji,0.05033567630840885,1.0,33
676,Zach Marsh,0.05033567630840885,0.0,33
698,Divin Mubama,0.05033567630840885,0.0,33
707,Remy Rees-Dottin,0.05033567630840885,0.0,33
709,Jayden Danns,0.05033567630840885,0.0,33
722,Daniel Adu-Adjei,0.05033567630840885,0.0,33
724,Martin Sherif,0.05033567630840885,0.0,33
755,Omar Marmoush,3.0,2.0,33
776,Chido Obi-Martin,0.05033567630840885,1.0,33
780,Iwan Morgan,0.05033567630840885,0.0,33
781,Shumaira Mheuka,0.05033567630840885,0.0,33
784,Mateus Mané,0.05033567630840885,0.0,33
789,Sean Neave,0.05033567630840885,0.0,33
798,Jay Robinson,0.20369749696192274,0.0,33
27,Cameron Archer,3.4239999999999995,1.0,34
65,Enes Ünal,0.008209870844090084,0.0,34
69,Daniel Jebbison,0.410127328206487,1.0,34
82,Dominic Solanke-Mitchell,4.53,6.0,34
107,Igor Thiago Nascimento Rodrigues,0.05575019495769329,0.0,34
108,Ivan Toney,0.05114468073251155,0.0,34
110,Yoane Wissa,6.4399999999999995,7.0,34
123,Evan Ferguson,1.37,0.0,34
129,João Pedro Junqueira de Jesus,4.91,0.0,34
138,Mark O’Mahony,0.05114468073251155,0.0,34
143,Deniz Undav,0.05114468073251155,0.0,34
148,Danny Welbeck,6.300000000000001,2.0,34
156,Armando Broja,2.8899999999999997,0.0,34
164,David Datro Fofana,0.05114468073251155,0.0,34
165,Deivid Washington de Souza Eugênio,0.05114468073251155,0.0,34
175,Romelu Lukaku Bolingoli,0.05114468073251155,0.0,34
178,Marc Guiu Paz,0.05114468073251155,0.0,34
180,Nicolas Jackson,3.16,8.0,34
198,Odsonne Edouard,0.05114468073251155,0.0,34
218,Norberto Bercique Gomes Betuncal,1.0,2.0,34
220,Dominic Calvert-Lewin,0.020000000000000018,0.0,34
229,Neal Maupay,0.05114468073251155,0.0,34
232,Iliman Ndiaye,2.4433333333333334,1.0,34
237,Youssef Ramalho Chermiti,0.01895063872506242,1.0,34
251,Rodrigo Muniz Carvalho,1.6933333333333334,0.0,34
252,Raúl Jiménez,2.1500000000000004,1.0,34
256,Jay Stansfield,0.05114468073251155,0.0,34
258,Carlos Vinícius Alves Morais,0.7553768731268735,1.0,34
260,Ali Al-Hamadi,0.05114468073251155,0.0,34
268,Liam Delap,2.4699999999999998,1.0,34
272,George Hirst,4.44,1.0,34
276,Freddie Ladapo,0.05114468073251155,0.0,34
286,Tom Cannon,0.05114468073251155,0.0,34
289,Patson Daka,1.0199999999999996,0.0,34
306,Jamie Vardy,3.12,0.0,34
316,Darwin Núñez Ribeiro,2.0599999999999996,1.0,34
321,Cody Gakpo,2.1775,7.0,34
375,Rasmus Højlund,3.1399999999999997,9.0,34
389,Joshua Zirkzee,1.9900000000000002,0.0,34
401,Alexander Isak,4.0,6.0,34
421,Callum Wilson,1.2032380952380946,1.0,34
424,Taiwo Awoniyi,1.2037777777777778,1.0,34
430,Emmanuel Dennis,0.05114468073251155,0.0,34
446,Hwang Ui-jo,0.05114468073251155,0.0,34
447,Chris Wood,2.84,2.0,34
453,Adam Armstrong,0.040000000000000036,0.0,34
468,Sékou Mara,0.05114468073251155,0.0,34
470,Paul Onuachu,1.4466666666666663,0.0,34
473,Ross Stewart,1.2739999999999991,2.0,34
497,Richarlison de Andrade,0.56,0.0,34
500,Dane Scarlett,0.0,0.0,34
507,Alejo Véliz,0.05114468073251155,0.0,34
512,Michail Antonio,0.05114468073251155,0.0,34
523,Danny Ings,0.009999999999999787,0.0,34
539,Leon Chiwome,0.05114468073251155,0.0,34
541,Matheus Santos Carneiro Da Cunha,1.2599999999999998,15.0,34
545,Fábio Silva,0.05114468073251155,0.0,34
546,Nathan Fraser,0.05114468073251155,0.0,34
555,Saša Kalajdžić,0.05114468073251155,0.0,34
566,Jørgen Strand Larsen,2.2300000000000004,6.0,34
589,Niclas Füllkrug,0.9500000000000002,1.0,34
590,William Osula,0.8677380952380953,6.0,34
609,Will Lankshear,0.05114468073251155,0.0,34
617,Francisco Evanilson de Lima Barbosa,2.1291666666666673,2.0,34
648,Ethan Wheatley,0.05114468073251155,0.0,34
707,Remy Rees-Dottin,0.05114468073251155,0.0,34
709,Jayden Danns,0.05114468073251155,0.0,34
722,Daniel Adu-Adjei,0.05114468073251155,0.0,34
724,Martin Sherif,0.05114468073251155,0.0,34
776,Chido Obi-Martin,1.3035952380952383,1.0,34
780,Iwan Morgan,0.05114468073251155,0.0,34
781,Shumaira Mheuka,0.05114468073251155,0.0,34
784,Mateus Mané,0.05114468073251155,0.0,34
789,Sean Neave,0.05114468073251155,0.0,34
798,Jay Robinson,0.1991785994516806,0.0,34
2,Gabriel Fernando de Jesus,0.0,0.0,35
4,Kai Havertz,0.06683333333333374,0.0,35
11,Eddie Nketiah,4.86559126984127,0.0,35
27,Cameron Archer,0.3849999999999998,1.0,35
38,Jhon Durán,0.04936834388087741,0.0,35
58,Ollie Watkins,2.13,2.0,35
65,Enes Ünal,0.040503859137006604,0.0,35
69,Daniel Jebbison,0.2327325037876471,1.0,35
82,Dominic Solanke-Mitchell,3.76,0.0,35
107,Igor Thiago Nascimento Rodrigues,0.04041134430273541,1.0,35
108,Ivan Toney,0.04936834388087741,0.0,35
110,Yoane Wissa,4.33,7.0,35
123,Evan Ferguson,2.3444761904761915,1.0,35
129,João Pedro Junqueira de Jesus,3.289238095238095,0.0,35
138,Mark O’Mahony,0.04936834388087741,0.0,35
143,Deniz Undav,0.04936834388087741,0.0,35
148,Danny Welbeck,4.6,1.0,35
156,Armando Broja,2.67,0.0,35
164,David Datro Fofana,0.04936834388087741,0.0,35
165,Deivid Washington de Souza Eugênio,0.04936834388087741,0.0,35
175,Romelu Lukaku Bolingoli,0.04936834388087741,0.0,35
178,Marc Guiu Paz,0.04936834388087741,0.0,35
180,Nicolas Jackson,4.25,2.0,35
198,Odsonne Edouard,0.04936834388087741,0.0,35
207,Jean-Philippe Mateta,0.75,2.0,35
218,Norberto Bercique Gomes Betuncal,1.3200000000000003,6.0,35
220,Dominic Calvert-Lewin,0.0,1.0,35
229,Neal Maupay,0.04936834388087741,0.0,35
232,Iliman Ndiaye,3.7199999999999998,2.0,35
237,Youssef Ramalho Chermiti,0.23928174603174623,1.0,35
251,Rodrigo Muniz Carvalho,0.7599999999999998,0.0,35
252,Raúl Jiménez,1.79,2.0,35
256,Jay Stansfield,0.04936834388087741,0.0,35
258,Carlos Vinícius Alves Morais,0.5108562548562561,0.0,35
260,Ali Al-Hamadi,0.04936834388087741,0.0,35
268,Liam Delap,2.0629999999999997,1.0,35
272,George Hirst,3.7,5.0,35
276,Freddie Ladapo,0.04936834388087741,0.0,35
286,Tom Cannon,0.04936834388087741,0.0,35
289,Patson Daka,1.0199999999999996,1.0,35
306,Jamie Vardy,2.8499999999999996,9.0,35
316,Darwin Núñez Ribeiro,1.192857142857143,1.0,35
321,Cody Gakpo,4.431666666666667,2.0,35
351,Erling Haaland,0.31999999999999984,0.0,35
352,Julián Álvarez,0.04936834388087741,0.0,35
375,Rasmus Højlund,6.623333333333333,0.0,35
389,Joshua Zirkzee,2.8,0.0,35
401,Alexander Isak,5.0600000000000005,9.0,35
421,Callum Wilson,0.7162619047619048,1.0,35
424,Taiwo Awoniyi,1.2646666666666668,0.0,35
430,Emmanuel Dennis,0.04936834388087741,0.0,35
446,Hwang Ui-jo,0.04936834388087741,0.0,35
447,Chris Wood,3.1399999999999997,2.0,35
453,Adam Armstrong,0.0,0.0,35
468,Sékou Mara,0.04936834388087741,0.0,35
470,Paul Onuachu,0.69,1.0,35
473,Ross Stewart,2.456095238095238,1.0,35
497,Richarlison de Andrade,1.2960000000000003,2.0,35
500,Dane Scarlett,0.0,0.0,35
507,Alejo Véliz,0.04936834388087741,0.0,35
512,Michail Antonio,0.04936834388087741,0.0,35
523,Danny Ings,0.0,0.0,35
539,Leon Chiwome,0.04936834388087741,0.0,35
541,Matheus Santos Carneiro Da Cunha,5.789999999999999,2.0,35
545,Fábio Silva,0.04936834388087741,0.0,35
546,Nathan Fraser,0.04936834388087741,0.0,35
555,Saša Kalajdžić,0.04936834388087741,0.0,35
566,Jørgen Strand Larsen,3.38,0.0,35
589,Niclas Füllkrug,4.832000000000001,2.0,35
590,William Osula,0.43000000000000016,0.0,35
609,Will Lankshear,0.04936834388087741,0.0,35
617,Francisco Evanilson de Lima Barbosa,4.24,6.0,35
648,Ethan Wheatley,0.04936834388087741,0.0,35
665,Nathan Butler-Oyedeji,0.9127145909645908,0.0,35
676,Zach Marsh,0.04936834388087741,0.0,35
698,Divin Mubama,0.04936834388087741,0.0,35
707,Remy Rees-Dottin,0.04936834388087741,0.0,35
709,Jayden Danns,0.04936834388087741,0.0,35
722,Daniel Adu-Adjei,0.04936834388087741,0.0,35
724,Martin Sherif,0.04936834388087741,0.0,35
755,Omar Marmoush,2.29,2.0,35
776,Chido Obi-Martin,0.938166666666667,2.0,35
780,Iwan Morgan,0.04936834388087741,0.0,35
781,Shumaira Mheuka,0.04936834388087741,0.0,35
784,Mateus Mané,0.04936834388087741,0.0,35
789,Sean Neave,0.04936834388087741,0.0,35
798,Jay Robinson,0.16859520345112644,1.0,35
2,Gabriel Fernando de Jesus,0.040000000000000036,0.0,36
4,Kai Havertz,0.13883333333333336,0.0,36
11,Eddie Nketiah,1.4249999999999998,1.0,36
27,Cameron Archer,1.0199999999999996,1.0,36
38,Jhon Durán,0.04610784487727804,0.0,36
58,Ollie Watkins,3.8866666666666676,9.0,36
65,Enes Ünal,0.04365983065337398,0.0,36
69,Daniel Jebbison,0.7566904761904762,1.0,36
82,Dominic Solanke-Mitchell,2.0945,0.0,36
107,Igor Thiago Nascimento Rodrigues,0.25461390217969004,1.0,36
108,Ivan Toney,0.04610784487727804,0.0,36
110,Yoane Wissa,3.3,1.0,36
123,Evan Ferguson,1.2699999999999996,0.0,36
129,João Pedro Junqueira de Jesus,0.9700000000000002,0.0,36
138,Mark O’Mahony,0.04610784487727804,0.0,36
143,Deniz Undav,0.04610784487727804,0.0,36
148,Danny Welbeck,5.0600000000000005,9.0,36
156,Armando Broja,1.416666666666667,0.0,36
164,David Datro Fofana,0.04610784487727804,0.0,36
165,Deivid Washington de Souza Eugênio,0.04610784487727804,0.0,36
175,Romelu Lukaku Bolingoli,0.04610784487727804,0.0,36
178,Marc Guiu Paz,0.04610784487727804,0.0,36
180,Nicolas Jackson,5.48,-2.0,36
198,Odsonne Edouard,0.04610784487727804,0.0,36
207,Jean-Philippe Mateta,3.2,1.0,36
218,Norberto Bercique Gomes Betuncal,2.01,8.0,36
220,Dominic Calvert-Lewin,3.7366666666666664,1.0,36
229,Neal Maupay,0.04610784487727804,0.0,36
232,Iliman Ndiaye,4.45,1.0,36
237,Youssef Ramalho Chermiti,0.300353174603174,0.0,36
251,Rodrigo Muniz Carvalho,0.8199999999999998,0.0,36
252,Raúl Jiménez,5.869999999999999,9.0,36
256,Jay Stansfield,0.04610784487727804,0.0,36
258,Carlos Vinícius Alves Morais,0.3721569819069823,0.0,36
260,Ali Al-Hamadi,0.04610784487727804,0.0,36
268,Liam Delap,6.1075,2.0,36
272,George Hirst,1.67,0.0,36
276,Freddie Ladapo,0.04610784487727804,0.0,36
286,Tom Cannon,0.04610784487727804,0.0,36
289,Patson Daka,3.4539999999999997,0.0,36
306,Jamie Vardy,3.16,5.0,36
316,Darwin Núñez Ribeiro,2.08,1.0,36
321,Cody Gakpo,3.4533333333333323,9.0,36
351,Erling Haaland,0.71,2.0,36
352,Julián Álvarez,0.04610784487727804,0.0,36
375,Rasmus Højlund,2.335,2.0,36
389,Joshua Zirkzee,0.33000000000000007,0.0,36
401,Alexander Isak,2.9699999999999998,2.0,36
421,Callum Wilson,1.2800000000000002,1.0,36
424,Taiwo Awoniyi,0.4500000000000002,1.0,36
430,Emmanuel Dennis,0.04610784487727804,0.0,36
446,Hwang Ui-jo,0.04610784487727804,0.0,36
447,Chris Wood,3.4299999999999997,8.0,36
453,Adam Armstrong,0.10999999999999988,0.0,36
468,Sékou Mara,0.04610784487727804,0.0,36
470,Paul Onuachu,1.1500000000000004,0.0,36
473,Ross Stewart,0.14000000000000012,1.0,36
497,Richarlison de Andrade,5.210000000000001,0.0,36
500,Dane Scarlett,0.0,0.0,36
507,Alejo Véliz,0.04610784487727804,0.0,36
512,Michail Antonio,0.04610784487727804,0.0,36
523,Danny Ings,0.0,0.0,36
539,Leon Chiwome,0.04610784487727804,0.0,36
541,Matheus Santos Carneiro Da Cunha,7.99,0.0,36
545,Fábio Silva,0.04610784487727804,0.0,36
546,Nathan Fraser,0.04610784487727804,0.0,36
555,Saša Kalajdžić,0.04610784487727804,0.0,36
566,Jørgen Strand Larsen,2.3499999999999996,1.0,36
589,Niclas Füllkrug,3.6191666666666675,1.0,36
590,William Osula,0.73,0.0,36
609,Will Lankshear,0.04610784487727804,0.0,36
617,Francisco Evanilson de Lima Barbosa,3.13,2.0,36
648,Ethan Wheatley,0.04610784487727804,0.0,36
665,Nathan Butler-Oyedeji,0.5206587301587304,0.0,36
676,Zach Marsh,0.04610784487727804,0.0,36
698,Divin Mubama,0.04610784487727804,0.0,36
707,Remy Rees-Dottin,0.04610784487727804,0.0,36
709,Jayden Danns,0.04610784487727804,0.0,36
722,Daniel Adu-Adjei,0.04610784487727804,0.0,36
724,Martin Sherif,0.04610784487727804,0.0,36
755,Omar Marmoush,2.51,1.0,36
776,Chido Obi-Martin,1.4066666666666672,0.0,36
780,Iwan Morgan,0.04610784487727804,0.0,36
781,Shumaira Mheuka,0.04610784487727804,0.0,36
784,Mateus Mané,0.04610784487727804,1.0,36
789,Sean Neave,0.04610784487727804,0.0,36
798,Jay Robinson,4.587666666666667,0.0,36
2,Gabriel Fernando de Jesus,0.10000000000000009,0.0,37
4,Kai Havertz,0.10000000000000009,0.0,37
11,Eddie Nketiah,1.9749999999999996,13.0,37
27,Cameron Archer,2.5420000000000007,1.0,37
38,Jhon Durán,0.046263030285322415,0.0,37
58,Ollie Watkins,4.19,5.0,37
65,Enes Ünal,0.046263030285322415,0.0,37
69,Daniel Jebbison,0.7688611111111108,6.0,37
82,Dominic Solanke-Mitchell,1.774,1.0,37
107,Igor Thiago Nascimento Rodrigues,1.1212499999999999,1.0,37
108,Ivan Toney,0.046263030285322415,0.0,37
110,Yoane Wissa,2.6399999999999997,10.0,37
123,Evan Ferguson,0.7291773226773226,0.0,37
129,João Pedro Junqueira de Jesus,0.5924999999999998,0.0,37
138,Mark O’Mahony,0.046263030285322415,0.0,37
143,Deniz Undav,0.046263030285322415,0.0,37
148,Danny Welbeck,4.25,5.0,37
156,Armando Broja,0.04999999999999982,0.0,37
164,David Datro Fofana,0.046263030285322415,0.0,37
165,Deivid Washington de Souza Eugênio,0.046263030285322415,0.0,37
175,Romelu Lukaku Bolingoli,0.046263030285322415,0.0,37
178,Marc Guiu Paz,0.046263030285322415,0.0,37
180,Nicolas Jackson,2.96,0.0,37
198,Odsonne Edouard,0.046263030285322415,0.0,37
207,Jean-Philippe Mateta,1.9299999999999997,1.0,37
218,Norberto Bercique Gomes Betuncal,3.2860000000000005,2.0,37
220,Dominic Calvert-Lewin,2.59875,1.0,37
229,Neal Maupay,0.046263030285322415,0.0,37
232,Iliman Ndiaye,3.51,13.0,37
237,Youssef Ramalho Chermiti,0.16277525252525216,0.0,37
251,Rodrigo Muniz Carvalho,0.26666666666666616,0.0,37
252,Raúl Jiménez,4.09,9.0,37
256,Jay Stansfield,0.046263030285322415,0.0,37
258,Carlos Vinícius Alves Morais,0.7370833333333335,0.0,37
260,Ali Al-Hamadi,0.046263030285322415,0.0,37
268,Liam Delap,1.4299999999999997,1.0,37
272,George Hirst,3.3499999999999996,2.0,37
276,Freddie Ladapo,0.046263030285322415,0.0,37
286,Tom Cannon,0.046263030285322415,0.0,37
289,Patson Daka,2.399075036075036,1.0,37
306,Jamie Vardy,6.74,8.0,37
316,Darwin Núñez Ribeiro,1.1349999999999998,1.0,37
321,Cody Gakpo,3.899,2.0,37
351,Erling Haaland,1.1500000000000004,2.0,37
352,Julián Álvarez,0.046263030285322415,0.0,37
375,Rasmus Højlund,3.3,2.0,37
389,Joshua Zirkzee,0.16999999999999993,0.0,37
401,Alexander Isak,10.05,0.0,37
421,Callum Wilson,1.6849999999999996,2.0,37
424,Taiwo Awoniyi,0.7364047619047618,0.0,37
430,Emmanuel Dennis,0.046263030285322415,0.0,37
446,Hwang Ui-jo,0.046263030285322415,0.0,37
447,Chris Wood,2.91,2.0,37
453,Adam Armstrong,0.0,0.0,37
468,Sékou Mara,0.046263030285322415,0.0,37
470,Paul Onuachu,3.2166666666666677,0.0,37
473,Ross Stewart,0.3906666666666667,1.0,37
497,Richarlison de Andrade,2.2028333333333316,1.0,37
500,Dane Scarlett,0.31572619047619055,0.0,37
507,Alejo Véliz,0.046263030285322415,0.0,37
512,Michail Antonio,0.046263030285322415,0.0,37
523,Danny Ings,0.0,0.0,37
539,Leon Chiwome,0.046263030285322415,0.0,37
541,Matheus Santos Carneiro Da Cunha,4.82,1.0,37
545,Fábio Silva,0.046263030285322415,0.0,37
546,Nathan Fraser,0.046263030285322415,0.0,37
555,Saša Kalajdžić,0.046263030285322415,0.0,37
566,Jørgen Strand Larsen,2.6900000000000004,11.0,37
589,Niclas Füllkrug,2.5752380952380944,1.0,37
590,William Osula,0.8387500000000001,1.0,37
609,Will Lankshear,0.046263030285322415,0.0,37
617,Francisco Evanilson de Lima Barbosa,3.46,2.0,37
648,Ethan Wheatley,0.046263030285322415,0.0,37
665,Nathan Butler-Oyedeji,0.046263030285322415,0.0,37
676,Zach Marsh,0.046263030285322415,0.0,37
698,Divin Mubama,0.046263030285322415,0.0,37
707,Remy Rees-Dottin,0.046263030285322415,0.0,37
709,Jayden Danns,0.046263030285322415,0.0,37
722,Daniel Adu-Adjei,0.046263030285322415,0.0,37
724,Martin Sherif,0.046263030285322415,0.0,37
755,Omar Marmoush,2.34,8.0,37
776,Chido Obi-Martin,0.3639999999999999,0.0,37
780,Iwan Morgan,0.046263030285322415,0.0,37
781,Shumaira Mheuka,0.046263030285322415,0.0,37
784,Mateus Mané,0.2159078253082778,0.0,37
789,Sean Neave,0.046263030285322415,0.0,37
798,Jay Robinson,3.310416666666666,1.0,37
2,Gabriel Fernando de Jesus,0.0,0.0,38
4,Kai Havertz,3.25,1.0,38
11,Eddie Nketiah,3.76,1.0,38
27,Cameron Archer,0.5447142857142859,1.0,38
38,Jhon Durán,0.04545914385691052,0.0,38
58,Ollie Watkins,3.99,2.0,38
65,Enes Ünal,0.04545914385691052,0.0,38
69,Daniel Jebbison,1.6297056277056283,1.0,38
82,Dominic Solanke-Mitchell,3.4483333333333324,7.0,38
107,Igor Thiago Nascimento Rodrigues,0.30223015873015857,1.0,38
108,Ivan Toney,0.04545914385691052,0.0,38
110,Yoane Wissa,3.29,1.0,38
123,Evan Ferguson,1.1606398046398052,0.0,38
129,João Pedro Junqueira de Jesus,0.14749999999999996,0.0,38
138,Mark O’Mahony,0.04545914385691052,0.0,38
143,Deniz Undav,0.04545914385691052,0.0,38
148,Danny Welbeck,4.06,0.0,38
156,Armando Broja,0.020000000000000018,0.0,38
164,David Datro Fofana,0.04545914385691052,0.0,38
165,Deivid Washington de Souza Eugênio,0.04545914385691052,0.0,38
175,Romelu Lukaku Bolingoli,0.04545914385691052,0.0,38
178,Marc Guiu Paz,0.04545914385691052,0.0,38
180,Nicolas Jackson,2.1100000000000003,0.0,38
198,Odsonne Edouard,0.04545914385691052,0.0,38
207,Jean-Philippe Mateta,4.156499999999999,2.0,38
218,Norberto Bercique Gomes Betuncal,5.93,2.0,38
220,Dominic Calvert-Lewin,2.7185000000000006,1.0,38
229,Neal Maupay,0.04545914385691052,0.0,38
232,Iliman Ndiaye,4.15,2.0,38
237,Youssef Ramalho Chermiti,0.2008075422724378,0.0,38
251,Rodrigo Muniz Carvalho,3.677666666666666,0.0,38
252,Raúl Jiménez,3.7895000000000003,2.0,38
256,Jay Stansfield,0.04545914385691052,0.0,38
258,Carlos Vinícius Alves Morais,0.04545914385691052,0.0,38
260,Ali Al-Hamadi,0.04545914385691052,0.0,38
268,Liam Delap,4.1803333333333335,0.0,38
272,George Hirst,1.8899999999999997,2.0,38
276,Freddie Ladapo,0.04545914385691052,0.0,38
286,Tom Cannon,0.04545914385691052,0.0,38
289,Patson Daka,1.2925873015873028,2.0,38
306,Jamie Vardy,2.66,0.0,38
316,Darwin Núñez Ribeiro,1.4000000000000004,1.0,38
321,Cody Gakpo,4.41,7.0,38
351,Erling Haaland,2.0199999999999996,6.0,38
352,Julián Álvarez,0.04545914385691052,0.0,38
375,Rasmus Højlund,2.6399999999999997,2.0,38
389,Joshua Zirkzee,0.06999999999999984,0.0,38
401,Alexander Isak,3.0300000000000002,2.0,38
421,Callum Wilson,3.3600000000000003,1.0,38
424,Taiwo Awoniyi,0.49953238428238533,0.0,38
430,Emmanuel Dennis,0.04545914385691052,0.0,38
446,Hwang Ui-jo,0.04545914385691052,0.0,38
447,Chris Wood,3.63,2.0,38
453,Adam Armstrong,0.0,0.0,38
468,Sékou Mara,0.04545914385691052,0.0,38
470,Paul Onuachu,2.833333333333332,1.0,38
473,Ross Stewart,1.5025000000000004,9.0,38
497,Richarlison de Andrade,4.026999999999999,1.0,38
500,Dane Scarlett,0.43395238095238087,0.0,38
507,Alejo Véliz,0.04545914385691052,0.0,38
512,Michail Antonio,0.04545914385691052,0.0,38
523,Danny Ings,0.0,0.0,38
539,Leon Chiwome,0.04545914385691052,0.0,38
541,Matheus Santos Carneiro Da Cunha,3.8499999999999996,2.0,38
545,Fábio Silva,0.04545914385691052,0.0,38
546,Nathan Fraser,0.04545914385691052,0.0,38
555,Saša Kalajdžić,0.04545914385691052,0.0,38
566,Jørgen Strand Larsen,1.9699999999999998,4.0,38
589,Niclas Füllkrug,2.1799999999999997,2.0,38
590,William Osula,0.9756677489177492,1.0,38
609,Will Lankshear,0.04545914385691052,0.0,38
617,Francisco Evanilson de Lima Barbosa,5.25,2.0,38
648,Ethan Wheatley,0.04545914385691052,0.0,38
665,Nathan Butler-Oyedeji,0.04545914385691052,0.0,38
676,Zach Marsh,0.04545914385691052,0.0,38
698,Divin Mubama,0.04545914385691052,0.0,38
707,Remy Rees-Dottin,0.04545914385691052,0.0,38
709,Jayden Danns,0.04545914385691052,0.0,38
722,Daniel Adu-Adjei,0.04545914385691052,0.0,38
724,Martin Sherif,0.04545914385691052,0.0,38
755,Omar Marmoush,2.6900000000000004,2.0,38
776,Chido Obi-Martin,3.6141309523809513,1.0,38
780,Iwan Morgan,0.04545914385691052,0.0,38
781,Shumaira Mheuka,0.04545914385691052,0.0,38
784,Mateus Mané,0.2008075422724378,0.0,38
789,Sean Neave,0.04545914385691052,0.0,38
798,Jay Robinson,1.0,2.0,38
